3.535432498446318406e-02,2.535634296230855622e-02,4.944137477710551509e-02,-1.904110618828990312e-02,2.416089223835699018e-02
2.184970956928876384e-02,4.457835872194731985e-02,-3.803132208982264173e-02,1.902659650473242925e-02,3.844441000019192811e-02
6.438197148939228676e-03,-2.300403695898876194e-02,1.904054653731356017e-03,-8.706124964744113570e-03,1.652687734527599761e-02
-2.401884246996921490e-02,-2.602955796779889142e-02,2.049517166851390348e-02,-4.401276437023186189e-02,3.701570418029896670e-02
-3.781754348873307692e-02,4.140311933595106075e-02,1.618254191976140066e-02,3.136536291991533221e-02,1.764128672908436835e-02
-7.921279086990550000e-03,4.048853925389710173e-02,3.011702237154571804e-02,-1.771389282180701324e-02,1.981407182591030103e-02
-1.487536302490780060e-03,3.692071463244016305e-02,-1.638684656724356814e-03,6.064552255896638044e-05,-2.553010114820321308e-02
3.308065579906963039e-02,4.817624709666872007e-02,2.221729500357332021e-02,1.171101482916679648e-03,2.415824134411666269e-02
5.289017103296801692e-03,4.861884282623341047e-02,-3.438904092555845893e-02,1.160797593614924100e-02,-4.624236228932188109e-02
4.348188859652611649e-02,3.191693823638139249e-02,3.112654907055326103e-02,-2.123872571872395532e-03,-3.119856853983023204e-02
-1.618272436433271233e-02,5.958856757967853635e-03,1.672444159618524662e-02,1.780351860175166667e-03,-3.792425730076007251e-02
-4.520655531049345977e-02,-3.096993881691100306e-02,-2.794266263006761619e-02,-4.071719180352363632e-02,-2.705967166069195295e-02
1.561975613227975512e-03,3.735234612203583437e-02,5.647722390028031558e-03,2.918241946575923784e-02,3.210313766815246772e-02
-1.738996827830041614e-02,-2.299071033889295290e-02,-4.585199450854037656e-02,5.300537399067960231e-03,-1.838508476432162281e-02
-2.187139941199953835e-02,-2.738318388588883989e-02,-1.831907289877137551e-02,-4.359126940856103416e-02,-1.682632883604624763e-02
-4.257870221204188704e-02,1.975091415557400643e-02,-8.080957800604825214e-03,1.171189522248198417e-02,-1.030494937894632645e-02
4.583999649412431876e-02,-3.205377817498826498e-02,-2.766322093781945629e-02,4.958238109728124732e-02,-3.308750850287024703e-02
-2.132900442677807679e-02,5.920351121461421562e-03,-2.579238575922038201e-02,1.727681648041154427e-02,4.180694642297008712e-02
1.041471476634103777e-02,-4.033102215209907748e-02,-4.746511707085437903e-02,-2.959200128220113024e-02,2.166514170820654783e-02
3.825927321723135432e-02,-3.252680873342073120e-02,-2.103480940155523504e-02,-1.904238775798466898e-02,-9.071396603011414039e-03
-2.598404984057300915e-02,1.996136334215543873e-02,-3.264499782073319867e-02,5.699052789739436631e-03,-2.412590995526175952e-02
-1.396979970489138634e-02,-1.337238492951919877e-02,-1.239033805781215858e-02,-1.154501859675797354e-02,7.699763531444428488e-03
-4.031260212287300637e-03,-3.827128757263390663e-02,2.142530759524990946e-02,-5.806755533297028316e-03,-2.665926527982380792e-02
4.126039214914434261e-02,2.243738491559209292e-02,4.932352537666219450e-02,-4.809928599900839541e-02,1.639253362404902159e-02
-1.489396133782753401e-02,-3.086604061839607477e-02,2.086592751837003379e-02,4.365516445533026979e-03,1.848028411112227765e-02
2.348883710550184190e-02,4.022071865014310854e-02,-1.253367057861400069e-02,3.458350875711370398e-03,2.079183331681659641e-02
3.561564471964361045e-02,4.669086345895066825e-02,1.217246501952503474e-02,-4.651666420937428104e-02,-1.293988684171974018e-02
-4.118636381575870031e-02,-6.769126404012268394e-03,-4.922480280521285279e-02,4.582051284687849169e-02,-4.604180964882560734e-02
-7.875965197015818986e-03,-3.407774347275384363e-03,-1.389702284922785663e-02,-4.998781719179917760e-02,-1.059911240021006729e-02
4.859409014217290490e-02,-4.757191627249396371e-02,-3.676106695141510144e-02,-4.270560495467831674e-02,1.872763140561618800e-02
-3.900608958198536341e-02,-1.672055390904800959e-02,-4.839113151047511746e-02,2.949109807115354864e-02,-3.329336973416849310e-04
-2.435092949536863532e-02,1.453500512794284050e-02,2.455389009848062132e-03,4.920796505485290628e-02,-3.244159702053715788e-02
3.922418071203391532e-02,-3.301527787988577101e-02,-4.864163582907132799e-02,1.580708797235277907e-03,-1.768739463315061045e-02
-4.003547799693765730e-02,4.609070268431013362e-02,-1.392818740457000409e-02,-3.414896180868730313e-02,-3.750204905016218254e-02
1.569630704024257972e-03,1.602434966360276325e-02,2.962700023106046299e-02,2.008946261225955099e-02,4.703243798970935252e-02
4.987768996408369071e-03,1.827061973233584657e-02,2.011862519166339458e-02,-6.025030690488208940e-03,-3.298288421018602534e-02
-3.520282008384521821e-03,-1.355960528727486597e-02,-4.607095199759571325e-02,2.612575123335333926e-02,-1.280787330886144076e-02
1.255618547915823835e-02,-8.370576948866594036e-03,2.726942162718153095e-02,1.550587700027833415e-02,1.285240779100213504e-02
-2.921124643952113450e-02,-4.234453661013135722e-02,-1.199380503277765186e-02,9.891525248091691258e-03,-2.013208866210430825e-02
2.400548294990566267e-02,-3.082760600010674493e-02,1.077145410308917584e-02,-6.211188798126390798e-03,2.568335821114506312e-02
-2.461627090104846760e-02,-4.292395704071128026e-02,-4.168938874907469894e-03,1.969666075371073743e-02,4.045370149160676387e-02
-4.877572000709132910e-02,2.601140416711164582e-02,-8.821835842716119203e-03,-1.188477695733621692e-02,4.885093522179077830e-02
-4.345964306773066055e-03,-4.469600706634366261e-04,-2.559363262515577248e-02,1.996636933719629636e-02,-4.231831906832239643e-03
-4.683362781390797841e-02,3.057539472322583218e-02,9.890083783048231325e-03,-3.871359979312351263e-02,4.991483961811374326e-02
-1.965844552218418834e-02,-2.855927368808144906e-03,-1.172898693680921728e-02,-2.664522474944809594e-02,1.413502757285514666e-02
-1.310973340734228332e-02,1.983587420726019845e-02,1.287706291548476600e-02,2.963537546643593701e-03,3.406175534078674516e-02
3.996871690831109436e-02,-1.485285429356312387e-02,2.775983299147415095e-02,-1.739831862959824449e-02,2.551447766613147705e-02
-2.330068584104373619e-03,1.601597600471504901e-02,-2.187014472053581265e-02,-1.221045923590659277e-03,-1.870491193469193958e-02
2.853505341883513791e-03,-2.057444106565907427e-03,-4.719620624734604392e-02,1.197893070635765167e-02,-1.118994034695776352e-02
-3.113967383937003147e-02,-3.889247502167361703e-02,-2.636566695703843749e-02,1.897383660999892030e-02,3.477266719343619084e-03
2.681238106630563778e-02,8.727674636478575942e-03,4.427076619351176523e-02,3.581245233549995577e-02,2.087041210764375987e-03
-4.579248646658137800e-02,4.636949612295229728e-03,-4.518574932954690093e-03,-1.260155942964669151e-02,-3.078013419272943724e-02
1.442707855394878558e-02,-8.904615997127517113e-03,-2.215470447344578681e-02,4.247150764650492460e-02,-4.409303422863352501e-02
-1.434429497590431618e-02,3.841001107114462576e-02,-1.523072383120362833e-02,-4.679085568057853722e-02,2.958027222862177896e-02
-2.032767187773974749e-03,-3.408039567492863325e-02,4.382797620852579845e-02,3.475841809463513232e-02,-7.891105160669903418e-04
-2.637837712825233383e-03,3.840745889211460984e-04,1.219988711041088830e-02,9.748084574122760360e-03,-1.586387520645787808e-02
1.471626074126733408e-02,-8.331943151466111863e-03,-3.380525634571522609e-02,-1.879228619031635128e-03,-3.053510757995633873e-04
4.442811813069980076e-02,1.478953938485032260e-02,2.222637432993643247e-02,-1.166461638883677793e-02,4.267951612260233174e-02
2.876850358679447495e-02,-4.231325370396665786e-03,3.570243093052004324e-02,-2.560502601702037417e-02,-1.352506968727836684e-02
3.737408485112585221e-02,-3.776986097897858108e-02,3.320940964666593831e-02,2.322095991097838930e-02,8.656441324842764629e-03
7.120194897909645770e-03,5.116846809605085644e-04,-1.646407927710891173e-02,2.123411143546305446e-03,4.100743606541434882e-02
7.775501197151493682e-03,-2.218913671480963329e-02,4.815934287391128443e-02,-4.161455986653594952e-02,3.592775594797006922e-02
-3.930093756546049200e-02,-3.130835556340917647e-02,-7.253033892208701761e-03,2.460908826467525512e-02,-4.263032253851002651e-02
-3.865912108536567054e-02,3.718943554795713091e-02,1.491313884164058301e-02,4.065470731766732126e-03,7.931292527088275313e-03
-3.073801378067772191e-02,-3.420025509509988515e-02,-3.033074296470106290e-02,-1.115032170246350873e-02,-3.177806530658348894e-02
3.418350472724100697e-02,4.861343997870637423e-02,1.572826346525250940e-02,1.243891400671297276e-02,-9.586290914037821909e-03
-1.847654949056470181e-02,4.802843117437782805e-03,-3.730553453016112464e-02,-2.270136507386694147e-04,-9.380678381208970573e-03
-3.657920123727723821e-02,-1.023516293521177511e-02,-2.296043163132919368e-02,3.272257299491980465e-02,4.181698060310400089e-02
2.392841985120106041e-02,-1.628681491496439954e-02,4.053617020500749346e-02,-1.952043371108808101e-02,-3.817970494359240741e-02
4.707417027159262191e-02,3.568804580596797449e-02,3.556019556330285158e-02,-3.073426251779227958e-02,3.044949079495133659e-02
1.587806326399084089e-02,-4.215116673835506145e-03,-1.572219465224727192e-02,-4.750377594542470883e-04,-1.714494874695528248e-02
-1.942665422033000924e-02,1.543300652462789579e-03,2.079898857907956644e-03,-2.438942318568315670e-02,2.222028103427800549e-02
-2.934860826269559964e-02,2.562551546065215680e-02,-3.978583304645069707e-02,3.669613065266209839e-02,-4.416147750626493729e-02
-4.790736870948320014e-02,3.550111159841909392e-02,1.384598227414249316e-02,-3.904941172890533108e-02,4.281968216830076002e-02
-2.912650238845740022e-02,3.264478282801021314e-02,1.188302858410116014e-03,-3.385013227026789639e-02,1.644412169570730331e-02
3.352601464586162094e-02,-2.183517046448635313e-02,1.023857264248806409e-03,2.713741616826510078e-02,2.544777038277781789e-02
3.627797812894409391e-02,5.240629799484031182e-03,-3.292679656491975804e-02,3.522435627784903378e-02,-2.553411693732931045e-02
4.342491881822206634e-02,8.980140789285051550e-03,-1.074168297175539383e-02,-4.290863186121610801e-02,3.012835124061757908e-02
-4.037813323995247811e-02,-1.573857201376031162e-02,-7.851306923082904121e-03,-3.109660648355671089e-02,-6.618225902073872347e-03
4.422104413329233652e-02,4.682868995093282527e-02,-2.515642407238694034e-02,-2.765924434271251064e-02,-4.343727601729672344e-02
-3.543977575463445190e-02,-6.254069471384446355e-03,-3.583864295570043240e-02,8.579024095258791505e-04,-1.125331480416318086e-02
-8.516730525152740872e-03,-4.943365640180404086e-02,-3.613163883068596510e-02,3.800730020685506860e-02,1.026963397605602790e-02
2.519902135175321189e-02,4.840841882224292125e-02,4.916386594174335101e-02,-2.193124749906031484e-02,-4.402260394560431056e-02
3.702862396222598995e-02,-1.432774871378302700e-02,1.316863508498081203e-02,2.159417356352985595e-02,-3.044865656260740266e-02
-2.340858329469165666e-02,1.667327235943519281e-02,-2.797752828426161575e-03,3.404236661633142091e-02,4.441351127999103310e-02
4.809670926269241087e-02,2.446660645346657170e-02,5.185289699476958170e-04,-2.588116102272446442e-02,3.729018942035614015e-02
3.519228063370113957e-02,-2.224460823465612691e-03,-1.855827151606800202e-02,3.803582891847336056e-02,-1.885892648024085905e-02
-1.232723077112089782e-02,1.700321863374910925e-02,1.219064419062966531e-02,3.654897516756940024e-03,3.537878811026465287e-02
4.330342449949026173e-02,-2.375798779170018582e-02,-3.898745544619178910e-02,2.832499468030401368e-02,-1.291411799490639611e-03
-1.375078504698510479e-02,-3.826998613597735327e-02,1.268576650900976599e-02,1.086566889005503855e-02,2.882039604753093565e-02
-2.807458576323045366e-02,-4.100911634944899575e-02,2.595146483353337474e-02,-8.190099868884768985e-03,-4.872396063001204619e-02
1.176337372985965246e-02,4.463128064324642374e-02,-4.731683106655990706e-02,5.438846232270547199e-03,1.757444566666496732e-02
-3.680539142290786131e-02,2.533618194379037847e-02,-4.921389801249821672e-02,-3.108455329930036315e-02,-4.396008168341275502e-02
1.368722324697952374e-02,-5.928169933386557774e-03,1.449693760950633570e-02,-1.142537652968964555e-02,4.846151369000552267e-03
-9.081011677575358612e-03,-4.093586495715374751e-02,-7.809960827003921413e-03,6.764098459141746830e-03,3.208067857288346425e-02
-1.070901232986067216e-02,3.434610487108874510e-02,-4.392490257143821103e-02,4.450954123332503259e-02,2.715132841865317004e-02
-5.169837562128683922e-03,1.925041471800044771e-02,-3.538642626608022590e-02,2.676682214115529146e-02,-4.656283516851625337e-02
-4.772423555305887327e-02,-2.401970085287124732e-02,2.097413172190755112e-02,-4.364214361112091212e-02,-3.609374603211107368e-02
-2.521293358925496761e-02,-4.936554380036686090e-02,2.940238789139931752e-02,2.989086825994928184e-02,-1.113452777098788982e-03
-2.049802923674776123e-02,1.759761090746637599e-02,2.165172670128000590e-02,2.131145447825086997e-02,-2.801703335284572161e-02
1.008239849776565444e-02,2.006489754263506009e-02,1.307634828964812819e-02,4.618965101514967142e-02,-9.695842042846257447e-03
3.882141872809931338e-02,-3.691375844608396628e-02,-2.752425694706706061e-02,4.786660993772815648e-03,4.109468123261171557e-02
-3.934470852789626050e-04,-4.264357367040732399e-02,-3.953080976044374972e-03,1.133644055671608614e-02,-6.825995851399514758e-03
-2.545945926283035496e-02,3.630948548019344302e-02,3.942909341760528208e-02,2.501231577867270642e-02,-2.768666509460702280e-02
1.603005510130531275e-02,-1.042293495449658769e-02,8.340545804601660895e-03,-4.897509850994974379e-02,2.940205809624843458e-02
-1.411103314618227661e-02,-4.377612071541277239e-02,-4.640625388745733132e-02,-5.830630151648343029e-03,-3.533634827210453688e-03
1.922881529817072055e-02,-7.898182950257161272e-03,-3.460266924378094938e-02,-8.536155088112992728e-03,-2.659638137040799821e-02
4.543880725363065587e-02,5.725342175334838246e-03,-1.099981313863468424e-02,-4.142594775725151612e-02,-1.407929295864137481e-02
-1.020175060471093659e-02,4.316441996467459963e-02,4.779134149550191835e-02,9.287959999368031183e-03,4.550043391023758654e-02
-3.851998396534446478e-02,-4.062113036611383898e-02,-2.676559329536601015e-02,-1.556299503643824439e-02,-1.871846784748063680e-02
3.661466976017541120e-02,-3.031448241853219872e-02,2.042242626082280132e-02,1.843386710110635207e-02,1.551708100879065078e-02
2.276067355318059371e-02,3.799854506216504557e-02,-2.542050092273379081e-02,4.818925567006059063e-02,1.907663714261492727e-02
4.236490519490340723e-02,7.264304605575068463e-03,4.348951455262896337e-02,-1.857451593012551111e-02,-2.173559152460871266e-02
-3.884196278190300833e-02,-9.955542173855226606e-03,2.855015560181080325e-02,3.535459579555798315e-02,-4.114537546803206935e-02
-4.151523655416454461e-03,1.052720879727472164e-02,-1.666508751470736904e-02,3.135850133542582296e-03,1.898317045459084473e-03
3.477872198605928833e-02,3.827383113983956475e-02,-1.552996636816859205e-02,-3.508546385798838596e-02,4.916441245740982291e-02
-3.722944192320896267e-02,4.661251699555174488e-02,4.026761819627995564e-02,1.136738350786463403e-02,1.947133050890459405e-02
3.482376865609800032e-02,-3.650026398003658468e-03,-4.611622291229122012e-02,4.784529723679231683e-02,2.111225552900025670e-04
-1.860038860373777053e-02,5.122270981538126766e-03,-4.899958438423501761e-02,-2.181115823144821539e-02,3.036019357388496098e-02
4.245326270862002926e-02,-4.051910455873931893e-02,-2.408632369614401025e-02,-4.867304764885271862e-02,2.973190471790475298e-02
2.340004032563682002e-02,-3.108301204114708241e-02,1.041014611921498717e-02,9.400757753754708859e-03,2.124192921923485911e-02
1.578358896274769871e-02,-4.307961320729566945e-02,1.111770686937480976e-02,6.611759196719402959e-03,-3.197597891283761318e-02
-2.716303289762839537e-02,-1.349141913088214816e-02,7.965940270626133829e-03,-4.350267232818292445e-02,-1.749167894802845791e-02
5.068149682303262071e-02,-5.001911301156592576e-02,-2.425738012344392028e-02,9.372969374668238540e-02,1.027980566253013789e-02
6.088868666752869530e+01,5.665263582127145270e+01,6.701652933258360179e+01,1.890666889496280234e+01,-2.243949059907224264e-02
9.596601590107687230e+01,8.941495181733777997e+01,1.056104752473384849e+02,2.958671658257433279e+01,1.187571426878669678e-02
7.408033004387490905e+01,6.894701684408745734e+01,8.162709146130237059e+01,2.308155407492602151e+01,-4.359311884935036796e-02
4.837429015229309215e+01,4.498976575770853970e+01,5.329008315315552835e+01,1.549236762457600314e+01,3.687945163925614167e-02
4.122731427507090096e+00,3.826668662712004121e+00,4.598551239619292019e+00,2.045290319843473537e+00,2.748140398197831957e-03
1.351113593622072298e-02,7.508118343887578393e-03,6.334391734912672711e-02,7.974981044631559435e-01,1.080618685618524311e-02
-2.269679150073792943e-03,-4.285150974510484878e-02,1.305825567654312269e-03,5.580331337746596843e-01,2.427997155832321841e-02
-4.092512773079298033e-02,1.113130011260332099e-02,7.547081460022703192e-02,3.536873788544371844e-01,-5.273391521614864685e-03
-3.332272549615609286e-02,3.990511022256643114e-02,2.444894937071159791e-02,2.099605974171847925e-02,1.798166641524963361e-02
-4.063332675920669490e-02,6.604544156292559143e-03,-8.914845766842295627e-04,-3.091867162857747653e-02,3.635292166487730237e-02
4.102953989845001259e-02,9.068324952440739994e-03,-2.888726558397619604e-02,-3.309711083464500492e-02,-4.940283204962092611e-03
-2.930849367210869305e-02,-1.568538480629023957e-02,-4.992532790980142021e-02,5.908848581757525364e-04,2.877987115797145390e-02
1.305528983910010654e-02,-1.042909308968206078e-02,1.892724512487539701e-02,4.144057647517053466e-02,-1.404617574893354121e-02
5.520868645514501183e-03,-3.697780766688515963e-03,-1.849230186052371050e-02,2.800960301507156303e-02,-3.950497413527599699e-02
1.834413573158448496e-02,3.276905762318971238e-02,-4.858367840971183904e-02,2.228830052419066010e-02,-2.007630078139299723e-02
4.069919542177508065e-02,3.879902114618929976e-03,-4.792046244138085248e-02,-1.197206846036678179e-02,-3.325538545318226791e-02
3.238656763623236345e-02,1.998723356528515904e-02,5.940977180562211080e-03,-2.907404453484476944e-02,1.806414399476251320e-02
-9.149449492835901032e-03,-1.887268591369270151e-02,-9.584259481906123868e-03,2.138842374506569333e-02,-8.158329028913079151e-03
2.817652483026310273e-02,-4.271442530582334612e-02,3.930925248531970395e-02,-3.410457867970665552e-02,4.545239705337793257e-02
4.567296462641165511e-02,-7.444098709393623392e-03,1.128319366965450238e-02,2.697220245038792208e-02,-1.998768966399724553e-02
6.819890721941515577e-03,4.558126360102951469e-02,1.353110032913187877e-02,-3.926205258555472144e-02,-4.311724844767692022e-02
-4.598453995832636754e-02,1.410116355228850649e-02,-6.160329712035159111e-03,-2.935273901967715496e-02,-1.752000125804856201e-03
-3.298119596885161486e-03,3.594817695677139657e-02,2.564739933728217569e-02,-4.549534236647950758e-02,-4.884144084696520616e-02
-1.510412529708350660e-02,3.328147167020016617e-02,-1.296689039323557779e-02,1.775967167595801643e-02,-1.593324266538065359e-02
3.510137119852302368e-02,-2.418184680658615887e-02,2.631696337290580917e-02,3.007205982528043248e-02,2.470230609752180340e-02
1.026623827058676142e+01,9.318038941447396084e+00,6.674571214176616252e+00,5.907430396828365460e+00,-4.758467785171850706e-02
4.428399028478892063e+01,4.005187967577679586e+01,2.888848472565391745e+01,2.607753143534992901e+01,-4.238781371550277843e-02
5.448555401628335915e+01,4.927938658381813042e+01,3.556722034145284539e+01,3.194204200391090964e+01,-4.181411830595654217e-02
1.712851069361237819e+02,1.607400420448876446e+02,1.452433768535524337e+02,1.057842927895989078e+02,-4.818147485937388647e-02
2.388401057153317595e+02,2.249199752651597066e+02,1.986272128965240711e+02,1.569073616690199344e+02,-3.228656625078771270e-02
2.414766792135172295e+02,2.272924048991858683e+02,2.006904852730888251e+02,1.579264042337459841e+02,4.229139985671523383e-03
2.246237288632317757e+02,2.117140098445622982e+02,1.898010213555539849e+02,1.458489798486304494e+02,2.951382183416910443e-02
1.525410225875882588e+02,1.433665388505097837e+02,1.408518326109762882e+02,8.426349828463645508e+01,-1.940168054475550907e-02
3.938339074492880343e+01,3.935266881296103492e+01,3.791866330172641142e+01,3.693122229798564149e+01,-4.308106909059000039e-02
9.358574397839394265e+00,1.033415681798408770e+01,7.841344777473342020e+00,1.757585185152654716e+01,-3.062144950650466310e-02
8.678229956494185049e-03,5.159520059821954829e-01,5.251528556892304245e-01,1.532214481189723365e+00,-4.979190256945166537e-02
-3.846373823981927981e-02,1.057722255674590439e+00,9.221108523970810156e-01,2.223145964636745742e+00,-3.764654297900266178e-02
-1.705185920854417579e-03,3.884404577340619946e-01,3.658324195831860748e-01,7.416681367818606097e-01,-2.622238385753227277e-02
6.339316822439528210e+00,7.673528647889466647e+00,4.239795292538676819e+00,1.669320278063949914e+01,4.676399508883301304e-03
1.009283077383101812e+01,1.220514975012090986e+01,6.808691251146876233e+00,2.663155356348242719e+01,3.585691068219010180e-02
2.917003645370057352e-02,2.595982231210082480e-02,2.577636682456484196e-02,-1.550502142309030662e-02,-1.517141704690860154e-02
-4.152437158665807371e-02,-1.704870535575377793e-02,-3.394679450511690899e-02,-2.265362802200520179e-02,4.398554695567742645e-02
4.860572988890449198e-02,2.994890404123784489e-02,2.015849390756128956e-03,-4.095735215563920534e-02,-1.961147270191685582e-02
1.651869749748675897e-02,-2.531097430699703887e-02,-3.855742246518282373e-02,1.780293686595023350e-02,-2.806980115995172387e-03
1.424636902790295256e-02,-1.665146017380462334e-02,-3.737580679435219960e-02,-1.818903875527765057e-03,4.685604689569632109e-02
-4.926702748940586102e-02,-4.946982394911869640e-02,3.592097112214663601e-02,3.981223229206284908e-03,4.182501164527695214e-03
-2.218417669790213875e-02,2.783603957318084299e-02,1.486944245329166470e-02,4.218892392993681129e-03,3.172702514916048155e-02
-4.805085934940681036e-02,6.297183108594048284e-03,-2.728311257373987678e-02,3.963825600302255114e-02,2.255043921900107273e-02
-1.714331120667353728e-02,-2.917032695275503101e-02,3.767001750226364742e-02,-2.764976976786252816e-02,3.636451215921446267e-02
5.964925317501255583e-03,-5.618551066262629338e-03,-3.061110141297420078e-03,1.186061268423750864e-03,-2.325349723973843194e-02
5.526743050713841740e-03,-3.299619973705648218e-02,-2.132010530118627276e-02,-2.896777127885376887e-03,1.136959567672880811e-02
4.207741731195768949e-03,1.946556827420974078e-02,2.071558448531003738e-02,-4.150485267919908072e-02,2.544268108089027536e-02
2.742874796336423415e+01,2.525810147691735352e+01,1.790956584613304514e+01,1.821265695771474569e+01,1.545394708275804607e-02
1.080928583053885603e+02,1.010069755552604818e+02,7.115723158780745905e+01,8.008927685007080299e+01,3.244671064778939518e-02
1.374645131934694859e+02,1.291976239349818059e+02,9.033642149171582503e+01,1.094340989647358526e+02,-1.818298233970492422e-02
1.383249865801641079e+02,1.310563106297974798e+02,9.051996121043335108e+01,1.215132932511624091e+02,-4.470062046137193712e-02
1.237763222070759497e+02,1.184588213981222395e+02,8.103265888940892125e+01,1.168185057501215738e+02,1.934084691251646004e-02
1.751425740588683766e+02,1.659599178137399633e+02,1.295228260872819135e+02,1.377653112801442319e+02,-3.755407598190474427e-02
2.083552395663945163e+02,1.970700595312351595e+02,1.722146987848595927e+02,1.436184020315999987e+02,1.561194184796380058e-02
2.085093293075307770e+02,1.971211480330308348e+02,1.735497822209789263e+02,1.418772783257356878e+02,2.386751034226754220e-02
2.384569063111775336e+02,2.245682716559186360e+02,1.986609104200804836e+02,1.558002633464648170e+02,-4.127531996846579843e-02
2.243502633074595849e+02,2.118891610043265530e+02,1.894759097879496892e+02,1.478176705761430298e+02,3.395641573872158758e-02
1.254450858414758727e+02,1.198859400562369331e+02,1.090393312114850062e+02,8.973887506122552793e+01,1.552928378549198185e-02
2.625008059838213281e+00,3.510333659858066113e+00,2.447562074512791952e+00,5.724484633960137181e+00,-3.184469491081488857e-02
-1.238682804873649478e-02,1.085295527992325315e+00,8.831247936259821740e-01,2.222168173080624864e+00,3.617476239608738431e-02
3.308602240689381802e+00,4.631576403763355998e+00,2.799003516253809831e+00,1.039181672249008237e+01,2.572010664156175463e-02
2.110511638154048342e+01,2.539328109164028646e+01,1.414196932493826608e+01,5.563164842524810183e+01,-8.243623448751825900e-03
2.166025357974133314e+01,2.606098028519075882e+01,1.446855124743606424e+01,5.705911199131779910e+01,1.108745101909075492e-02
4.361638201907704071e-02,2.965084793359706872e-02,2.673825064353896330e-02,-2.564317333312824201e-02,1.376031841389750709e-02
-4.884344146473644510e-03,2.925536818478212397e-02,3.921193421279070557e-02,-3.399370350293552667e-02,-4.189641963593718210e-02
3.351782895821160679e-02,7.117636395630597829e-03,-1.632414707439588247e-02,4.841018807879672592e-02,-1.916734856822978339e-02
1.535132561416803487e-02,4.327186942555071025e-02,-4.510127975322145155e-03,3.256081042737735132e-02,-3.385213069016016624e-02
1.137932791307918329e-02,-2.993936397646450656e-02,1.004205331201561691e-02,-3.921226627636262979e-02,8.672112902526771250e-03
-2.576876872128112256e-02,-1.506896045078658791e-02,4.927460672055287982e-02,2.490168275867842007e-02,1.345982568107476074e-02
4.887732863494823055e-03,-3.539894964228862406e-02,-3.315984153118832489e-02,4.150852908128760399e-02,-1.926942394690463189e-02
4.178603685485969554e-03,2.359537734682538163e-02,4.363230609337362398e-02,-3.703477146761581518e-02,-4.567548534317039666e-02
1.498714504366257562e-02,2.406264534854692452e-02,3.792538375270251838e-02,-1.321278878075333139e-02,1.237209260585751119e-02
7.292989489947277132e-04,-2.185945155054918460e-03,-2.940098700375669977e-02,2.252664683843398630e-02,-4.380213388851125766e-02
-1.485843499405600353e-03,-2.628520584537213933e-02,-4.924811165171688598e-02,-2.094212506548947389e-02,2.815426423017590440e-02
3.626355695989023786e+01,3.501119405581491861e+01,2.376140881270307403e+01,3.622100007489637363e+01,1.440002241928539650e-02
1.355435132985269604e+02,1.283339640971772155e+02,8.886649181350006188e+01,1.165465511511030030e+02,-3.032260949693597191e-02
1.307118459477840986e+02,1.256248161421383855e+02,8.635514554615943439e+01,1.208718134591124596e+02,-3.060875079479860247e-02
7.129248295383995071e+01,7.190678322112913179e+01,4.761204753731100681e+01,8.701798253827453777e+01,-4.570896789569879604e-03
9.120444467640675157e+01,9.697606476143853627e+01,8.530847969904377237e+01,9.032574309812949309e+01,6.011295785172468542e-04
9.706043469956044589e+01,1.152818881676398206e+02,9.838116215033869594e+01,1.027394651962037813e+02,3.294795718427809272e-02
1.176092179739135730e+02,1.386206809809360152e+02,8.801294419740864328e+01,1.330532367792182811e+02,-8.959002403451730989e-03
1.418883473545773484e+02,1.612753872415253227e+02,1.017736559567118775e+02,1.407967858700572492e+02,-1.489007203193387641e-02
3.090867906561334877e+01,5.906879808206532800e+01,3.149084903973161431e+01,6.227710801531208773e+01,-2.335324006826827725e-02
1.487053407654018713e+02,1.583660569766723256e+02,1.453714844467799594e+02,1.069175946894675633e+02,1.061337687673326313e-02
2.017322254452975585e+02,1.895671594488311484e+02,1.745572721715541604e+02,1.210326261604135425e+02,-1.105815565457949484e-02
2.253472754153754067e+02,2.125427001486762606e+02,1.835894130943499079e+02,1.514731195924905762e+02,1.243582192431819111e-02
8.376920921445768897e+01,8.067976493865324983e+01,5.796394571162073106e+01,7.446243799628096838e+01,-3.142011463677540917e-02
5.153563903074551256e+00,7.141902573503164930e+00,4.331801264563067022e+00,1.565635079126107243e+01,4.180607784157765183e-02
1.535562900909877193e+01,1.852727416749468148e+01,1.047349274072263547e+01,4.129617870277677127e+01,-1.453476506917357469e-02
2.168256070684516956e+01,2.609641239060751516e+01,1.456094122017613834e+01,5.753784926162963842e+01,-1.167378767809005430e-02
1.172724683777802390e+01,1.407014480751112728e+01,7.822842082110067707e+00,3.091433275155233318e+01,3.580942740627539311e-02
1.029183566330877167e-02,-4.122453917216496039e-02,1.293676415242690954e-02,9.691827360585790474e-03,-3.176352356741657390e-02
1.137627489434278778e-02,-1.191230528845115509e-02,-3.821172959638836214e-02,-2.668920161800951429e-02,-1.538865271145663932e-02
1.848914704362740469e-02,2.490719287413820787e-03,5.467817535400831125e-03,2.657501596510918399e-03,2.622995087881439813e-02
3.479139100247133354e-02,2.208754814868814365e-02,9.992429555661840046e-03,-2.527339936862656178e-02,5.553630769896601704e-03
4.483616443077390046e-02,6.494602451152187150e-03,-1.409942631667694679e-02,5.561668424724941495e-03,-2.989502393228046437e-02
5.189058721532115170e-03,2.791872114408511241e-02,6.893045418529274160e-03,-1.524593175917349219e-02,-2.889497833267389362e-02
-3.934511431574575641e-02,-3.961456144036225313e-02,2.977915210458496886e-02,-4.213652888409413766e-03,-5.186851491831193095e-03
-2.314159708963952136e-02,1.347880558891611374e-02,3.336944838806445157e-02,4.250258533126803628e-02,-3.729291608856433182e-02
3.195957930495761656e-02,-2.842580925932666758e-02,4.358656144336625626e-02,-1.825925738782890884e-02,3.997355091558560392e-02
1.817452525034787270e+00,2.144704148248538722e+00,1.156647899474606112e+00,4.747190864676791300e+00,-1.496152596680867808e-02
1.463325930681872222e+01,1.764271710036712548e+01,9.756814077416946063e+00,3.851350906854537470e+01,4.601287903264171530e-02
8.176644946429316008e+01,8.006683040464892542e+01,5.359793478271039646e+01,8.898435718578203080e+01,4.115340907585433861e-02
1.448241143825190136e+02,1.376227274272778516e+02,9.488988678939981014e+01,1.278470529238743723e+02,8.951847432311386965e-03
5.035581176782199719e+01,5.316400668087065640e+01,3.405152371615094609e+01,7.502420877693435841e+01,-1.301027181846547282e-02
5.550053405032791431e+01,6.655186422647577160e+01,5.394218490689641499e+01,7.347284430986272241e+01,-2.374276141438139837e-02
1.189395030927054790e+02,1.410820690636033703e+02,1.272182245716832512e+02,9.570889269048659287e+01,2.605996273186181322e-02
1.177075321603889790e+02,1.385943181889938103e+02,1.285453932009297944e+02,8.055425517883011821e+01,-8.668260810393221827e-03
3.064934007907895719e+01,4.335873829879868424e+01,2.863902655532126929e+01,3.790822364282777102e+01,5.708750340234915177e-03
4.974050397375849997e+01,6.128117045222919756e+01,3.752258252944863415e+01,4.507016375855713619e+01,3.503791541936336629e-02
1.706313090497939911e+01,4.135396564490923055e+01,2.009533442354966937e+01,3.522174782804445670e+01,-3.719552522172939191e-02
4.825101256413726958e+01,7.176895447248982407e+01,5.427362044295222887e+01,4.602034750817428943e+01,9.569381173864868750e-03
9.729542789777070766e+01,1.009934132280068297e+02,1.057683145847458661e+02,4.259233965570958702e+01,-3.271044580211431019e-02
2.118316892948884629e+02,1.979502314227844693e+02,1.813886869064097027e+02,1.200171770705923819e+02,-1.222266258095557750e-02
1.789117952828050022e+02,1.704149288206931203e+02,1.445398128278322645e+02,1.288878295975513026e+02,-1.304231877498599618e-02
2.055978844585806442e+01,2.540812496070830306e+01,1.434825341310925673e+01,5.579583385081500069e+01,4.883623632597824948e-02
2.087193453038580060e+01,2.516496043497259194e+01,1.409173089168984738e+01,5.572805579157994060e+01,4.313182546014428242e-02
1.607086081329068961e+01,1.927718130929214269e+01,1.079018360206194593e+01,4.291120854121430028e+01,2.887095832900758718e-02
2.416622880512047544e+00,2.902598494508587645e+00,1.563432779302114550e+00,6.331516600090174585e+00,1.680738675496208645e-03
-2.450970419648052304e-02,4.075035810824929189e-02,-2.706783193192193251e-02,-3.366882629601199162e-02,-3.286103793925968658e-02
-4.644404346563260275e-03,-9.539925024001178963e-04,3.580783603331497145e-02,-3.330667169796918542e-02,-1.782068935242123869e-02
-5.999199599260922333e-03,-3.217685822767513484e-03,2.330126665477663672e-02,-4.768315501980457949e-02,6.652599789155368148e-03
-1.313098963344255105e-02,3.249287168270241499e-03,1.955878374589402335e-02,3.312829711353804107e-02,-5.748597564002831672e-03
-1.500919265021726651e-02,-6.618856901825877215e-03,1.676604362295279482e-02,3.588519077340207586e-02,-3.828101185611459956e-02
4.405231242929247282e-02,-3.766410209401067910e-02,-1.460240891563243520e-02,1.245153752768022454e-02,-1.350208623472163444e-02
-1.665316191587362660e-02,-4.583746172313182821e-02,4.090738586772839358e-02,-1.509645086696285304e-02,-8.820292286622698208e-03
-3.384188350224451303e-02,-1.605467455764631596e-02,1.585802041656863420e-02,-8.122554828337166799e-03,-3.351912327350639598e-02
-4.094295789174227235e-02,-8.789997257673404230e-03,-2.669039813978753978e-03,-1.765123097762744120e-02,3.546372776401920945e-03
1.624383261881000351e+01,1.961131620590835922e+01,1.088430692748424278e+01,4.278403614470923344e+01,-1.444792130592777168e-02
2.164305013977892145e+01,2.606351665886764479e+01,1.450362469850790959e+01,5.701595271984660940e+01,2.641867511234430310e-02
1.170944315316294961e+02,1.122878175781150958e+02,7.656621184922856571e+01,1.115156830599042763e+02,-9.658920395637128620e-03
1.199144699811171364e+02,1.149453995624125326e+02,7.897089724754079043e+01,1.099683863654725826e+02,3.390597133558491405e-02
1.297760928344608899e+01,1.835624612145634771e+01,1.052805074805976382e+01,2.715854019037884370e+01,1.994789951869024858e-02
5.821645832260829678e+01,8.251302035293788606e+01,6.444993985620294552e+01,5.809712507528110592e+01,-1.985843970461063229e-02
1.109370050260977933e+02,1.284389995969516747e+02,1.231922017807101923e+02,6.348707321554918792e+01,-2.615719049500441276e-02
1.643017902092201439e+02,1.337317418561935085e+02,1.599415396988180760e+02,6.554590780706523390e+01,3.519248269968526521e-02
1.605028651370762702e+02,9.460689879733486407e+01,1.283863885785758328e+02,7.110844124207382322e+01,3.608946581136811271e-02
4.822984383180816792e+01,2.751841797398574840e+01,3.777482046609589617e+01,2.256080127770121635e+01,2.714004808013727177e-02
6.334250073071466147e+00,1.108792778254006350e+01,6.479689384175978617e+00,1.024093418520619458e+01,3.819865859398266505e-03
2.506527900748443827e+01,4.779810500498326320e+01,2.625495221880740004e+01,4.130086890060185567e+01,-3.174945089843436707e-03
5.342661292914143445e+01,7.126610665360756514e+01,5.523017216020407005e+01,5.346832889822166379e+01,2.816991225139836574e-02
2.608807173373513706e+02,2.362953124438133727e+02,2.218309049827303738e+02,1.607422217851143103e+02,-9.346497875545770051e-03
2.777898363365513319e+02,2.387446084606296779e+02,2.313786666855639567e+02,1.722252638168729106e+02,4.581532521782587242e-02
1.577889030103018229e+02,1.215303272303799247e+02,1.383725716190488697e+02,1.068733975060802379e+02,1.609666380861107804e-02
1.318498256830717139e+02,8.494263394619073892e+01,1.013093495902996466e+02,9.436903357141441973e+01,-2.102731163998142888e-02
1.412788809094045916e+02,8.024538360413258431e+01,1.104925663715365971e+02,6.408752601420918893e+01,-2.671079594930247936e-02
1.514189672362913939e+02,8.585599513210711109e+01,1.183149993372048812e+02,6.704620695321190738e+01,-3.423749046537205576e-02
1.514172897744730335e+02,8.588662950597094436e+01,1.183794779837422197e+02,6.692088465765081651e+01,-1.573424302009623216e-02
1.202296432747557589e+02,6.816366143164103164e+01,9.390013935190562222e+01,5.310335116811527456e+01,-4.757657527957409593e-02
-1.022546464150966145e-02,2.371884374855404154e-02,4.470150323752183907e-02,3.524726714914493131e-02,-9.750367775476033450e-03
-2.116129316354651430e-02,1.031308946058771131e-02,-2.474589008149054303e-02,3.451572948960833498e-03,-2.794496069435116470e-02
5.617773671262725477e-03,3.846830311531559965e-02,8.694230999631388790e-03,2.545373761069656682e-02,2.909835641409810880e-02
3.079955368414333261e-02,4.136032582682717951e-02,3.199715558212365418e-02,-3.345769670698833798e-02,3.523653336310805795e-02
-1.036097199830906396e-02,-2.608840639314726970e-02,-7.749062844046875065e-03,1.252786082255316624e-02,2.635130233451089821e-02
-3.208775964471542730e-02,-6.589246980496996087e-03,-4.442961894766651876e-02,-3.375025484312552809e-02,-7.841482328892757092e-03
6.688910870479791271e+00,8.064942731363123229e+00,4.455182527078503263e+00,1.753656732302940924e+01,-3.579774080810482761e-02
2.103749081370072460e+01,2.527232922804702042e+01,1.403980210653871907e+01,5.523072558056624359e+01,-1.304285080023429716e-02
2.170613968943275651e+01,2.608570401419767038e+01,1.451261147683851505e+01,5.698769671289257843e+01,2.221832611504138966e-02
1.136397354833359685e+02,1.083229551228259737e+02,7.449198159759802707e+01,1.027920051877511156e+02,2.191377246947193158e-02
7.091468644014263134e+01,6.729920355541085542e+01,4.707427373703814766e+01,5.754822076278131249e+01,-2.708606200450310031e-02
9.319232961396986425e+00,2.478182416176348823e+01,1.173468584455450703e+01,2.134585801544972838e+01,-1.650241591411706621e-02
8.178593918522027195e+01,1.048644370722401931e+02,9.189229719535457264e+01,5.889659678514637164e+01,-2.864095313544210569e-02
1.315337247707103927e+02,1.244397909608660200e+02,1.362459368598219100e+02,5.904702553816170507e+01,1.428251957077711354e-02
2.335724720413307693e+02,1.566829005455772972e+02,2.034808988290517675e+02,9.556728645303918768e+01,-2.328518310618621356e-02
1.743936514030940828e+02,9.989791904819755075e+01,1.369654266197559593e+02,7.820903611919401044e+01,-3.646467729572272498e-02
1.474185220042728872e+02,8.376148410034150515e+01,1.152795149057134552e+02,6.645327853630698201e+01,1.831992899826251353e-02
1.475446731987050271e+02,8.432419668424805081e+01,1.152400214486384726e+02,6.819306009937015745e+01,2.029245393206696724e-02
1.852472792677052382e+02,1.234702637073471436e+02,1.464738935894816052e+02,1.124360572616734402e+02,-2.715664936982037370e-02
2.174081518219272766e+02,1.736450514435218793e+02,1.748013884106048010e+02,1.746529407993647567e+02,3.224975418482518841e-02
3.647240138698072656e+02,3.011595979504136835e+02,2.921948449681446505e+02,2.379132467499804875e+02,-4.060421348885304149e-02
3.418256951348324151e+02,2.602180111050627715e+02,2.890192623966871110e+02,1.847843821395421742e+02,-3.343764524782658065e-02
2.186485645640738369e+02,1.505278341295212385e+02,1.927513204991149678e+02,9.384107321970856219e+01,3.071599607494197859e-02
1.291013865367215772e+02,7.348917585409185449e+01,1.010330281141163908e+02,5.935051040807194056e+01,-1.387829198014748494e-02
9.440749917274915504e+01,5.378725756710265671e+01,7.395075607597776468e+01,4.399823939891949465e+01,1.805118587808506037e-02
6.249422227454849121e+01,3.559881058980079871e+01,4.889556248212086587e+01,2.862341930057794670e+01,-2.035673866229557177e-02
3.194919508993289980e+01,1.809544793578009703e+01,2.494515765028330634e+01,1.407583221263893059e+01,8.874978729047799941e-03
2.107490977337505456e+01,1.193728013644066444e+01,1.650289929928014487e+01,9.314638758661160978e+00,-9.682504376646430821e-03
-2.926262120151581700e-02,-4.671333732484884982e-02,8.432825396572495025e-03,3.505274952865487792e-02,-4.292912737370874199e-02
3.999261374698825922e-02,1.999974885946553815e-03,2.523199410818098565e-02,7.925599604037401880e-03,3.906441386360919032e-02
-2.923695579560042779e-02,3.099789570801464444e-02,1.310596051424181563e-03,9.367690596189602592e-03,-4.527532067461309540e-02
-8.165684332815482949e-03,-6.384604933240764502e-03,2.973153414090755342e-02,-1.179426298353387914e-02,3.459744081627477708e-02
8.746912906805327792e-03,-1.786565901109751081e-02,2.406942001472339721e-02,4.905910901136843749e-02,2.183386394684040666e-02
-6.730429714114971596e-03,-4.668636113624509421e-02,-3.962396670144238686e-02,-1.202681098036989527e-02,-3.332175416269582413e-02
2.178031272105312510e+01,2.620585785987976379e+01,1.456353518132596747e+01,5.719774224231792914e+01,-1.867007436833478806e-02
2.163137818342504559e+01,2.609531414670133742e+01,1.449692960502868289e+01,5.699758840033383223e+01,1.332648373049991064e-02
2.171891262300210101e+01,2.609715962582899351e+01,1.450347002185793066e+01,5.698354937391664521e+01,4.937747012448358286e-02
7.873897819526774811e+01,7.286295736032185744e+01,5.152250367022332966e+01,5.607005398957023345e+01,-2.917782249351925927e-02
1.027253812900343490e+02,9.392907204803400134e+01,6.768924053264179008e+01,6.063579738627295512e+01,-1.415332152818184197e-02
5.440236084435623098e+01,7.153736938269270240e+01,5.950418801420123316e+01,4.317457662992606515e+01,-8.710274149513599906e-03
1.293761021879799387e+02,1.419150849067811180e+02,1.379042800320440563e+02,7.594856806291022622e+01,-4.565549447256696258e-02
2.597927106064682334e+02,1.860064515600709569e+02,2.342224232214005610e+02,1.062259272140120459e+02,3.697293372933889433e-02
1.925466838294474599e+02,1.167274306094328296e+02,1.568731256188365819e+02,8.381206316895564612e+01,6.355166965176115013e-03
1.725299892190405160e+02,9.814845144925467935e+01,1.348741032592098179e+02,7.768040150047868053e+01,-3.284219420486717000e-02
1.557124584643553931e+02,9.379166477827733672e+01,1.208521116075009019e+02,8.827326916505997190e+01,-4.471333352047022341e-02
1.456919506558411399e+02,9.431010733066271712e+01,1.119457220423244195e+02,1.051062109039274759e+02,1.932952877890352361e-02
1.305217141939299950e+02,9.915498687654466892e+01,1.018669632872130251e+02,1.160800928902084053e+02,-3.487285441907179984e-02
1.443010425244238775e+02,1.387781186138348062e+02,1.141525975002095805e+02,1.457960877546318841e+02,2.710421337620207149e-03
2.200169919053911372e+02,2.006251790698676416e+02,1.662797776603771922e+02,1.475589458342876128e+02,5.442085859966042105e-03
1.353279397827526509e+02,1.194907217125428076e+02,1.344548539007946601e+02,5.206584897998055794e+01,3.281271707742064447e-02
9.185481101281042982e+01,8.588604135332731460e+01,1.013226824048850290e+02,3.040916680532390259e+01,4.879397364815034333e-02
1.557203687062807340e+01,1.468504651184070831e+01,1.718181864094301758e+01,7.014524982049586299e+00,-3.628102745289722014e-02
1.932301203350790184e-02,2.347407394038917017e-01,1.353871008661690911e-01,1.935851090557072496e+00,-1.009972111999644928e-02
-4.117298429212083027e-02,3.964910778343626319e-02,-1.179265984699934267e-02,-7.590436448542010710e-03,9.808730282046110305e-03
-4.303510012950720331e-02,-1.449516355674529411e-03,-1.942550783335629527e-02,-2.615923703334009989e-02,2.262306182324388959e-02
-5.381860594715806578e-03,-3.067857544923249455e-02,-2.544373582285558433e-02,-3.723766453138382254e-02,-4.737953606912334581e-02
4.715689676176348932e-02,-1.609168942709780087e-02,4.531294038666175417e-02,-2.335180314812584923e-02,2.755919756732450043e-02
-4.100102107872866108e-02,2.231521604639251366e-02,-2.761265996278784718e-02,-3.813308491279954193e-02,4.574704858563076459e-02
-1.017240970253681376e-02,2.043340427035229834e-02,-7.187276949676135729e-04,4.096576042423495656e-02,-2.114754481375174036e-02
-2.771068378779835417e-02,2.867616295876478094e-02,-4.172807343929592350e-02,-2.777675243369466529e-02,-5.589094403159487745e-03
2.831795662339361974e-04,1.856788889825161659e-02,1.961038310054688538e-02,-3.061813582192893929e-02,1.924505634613307703e-02
-1.716006265418072024e-02,2.370297786074591906e-02,4.914009986280069853e-02,-6.250697402209126619e-03,2.371157851534352878e-02
5.986112415868957370e+00,7.216254699832922448e+00,4.050535679865633121e+00,1.578430985965829336e+01,2.017636406816966654e-02
2.094346996807678707e+01,2.527577680996440179e+01,1.406846243941272157e+01,5.525996134760683987e+01,4.330468462248270034e-02
2.172292000574130100e+01,2.609548310962369655e+01,1.453961786622162755e+01,5.702160992482739488e+01,1.993308264252996453e-02
7.475627867977375729e+01,7.377028405106513276e+01,4.952457662651517012e+01,8.218025290716141740e+01,-2.239840278573939150e-02
1.313276010225827406e+02,1.223986851013289936e+02,8.656649730852426217e+01,9.452366079005474830e+01,4.927689243362985694e-02
1.366496737606037186e+02,1.454792429130372966e+02,1.317928630439782864e+02,8.470644387735269731e+01,-1.827867635862876622e-02
2.501757496125655678e+02,2.034021941309178487e+02,2.312835780279330606e+02,1.216661840066977902e+02,-1.253259377717598488e-02
2.390778426295474901e+02,1.602642734242039921e+02,2.081646347866377766e+02,9.807708505839730151e+01,3.016274184011258352e-02
8.639718032219620625e+01,4.981030105062092872e+01,6.812463743037970687e+01,3.950946433919033041e+01,4.305842600229549400e-02
1.303714537621428882e+01,1.456452277604060797e+01,8.963547062301286061e+00,3.080570797300343955e+01,-5.415135311211197178e-03
2.229874556465594537e+01,2.630469375214727634e+01,1.497820666237271858e+01,5.701689825575842718e+01,1.720459509098389017e-02
2.172103226530208886e+01,2.615321080926952035e+01,1.457335671229860807e+01,5.784552131130516983e+01,1.161231079361141338e-04
3.087503102617736062e+01,4.434272795051036553e+01,2.365394938309808026e+01,7.226804775143962445e+01,-4.528015546210163722e-03
1.224373149684717532e+02,1.418606301447217675e+02,8.943640107319086496e+01,1.128991385449680536e+02,4.661489753589070917e-02
1.278406047782422519e+02,1.304528037990618543e+02,9.664912145087045303e+01,8.383624897483268512e+01,1.144448447230013433e-02
1.039541703222983671e+02,9.734766097256920148e+01,1.110805772235993203e+02,3.635788038973426950e+01,1.846784463279503574e-02
7.071513674383821524e+01,6.606823463606687596e+01,7.784956016928482825e+01,2.374069720634160063e+01,-8.658098805557831734e-03
1.932731181884757676e+00,2.027927532055580073e+00,2.204130125201847257e+00,2.840653783306057445e+00,-1.344189994248719960e-02
3.294585083024832717e-02,3.038959440961585545e-01,1.113926779692989977e-01,2.135370702591889991e+00,4.099614182220866210e-02
1.653472160912539124e-02,1.040311372524173189e-01,-1.226319436886210389e-02,4.882700869310883651e-01,3.287315446233700367e-02
1.388378855013278068e-02,-9.230374195978843788e-03,-4.444877115798218092e-02,4.927262544867283545e-02,-3.232676254913026404e-02
-7.827124978921254361e-03,1.883405224972604930e-02,1.778960774573243309e-02,3.707569575249067273e-02,-4.768937454274217030e-02
-9.334286880411123144e-03,4.182424884861028758e-02,1.844482427734285557e-02,-3.674822675808103040e-02,3.071734881870162581e-02
4.718548314478070160e-02,4.302333314847787971e-02,-2.901474682194278565e-02,5.730510332093693981e-03,3.447437244188646110e-03
-1.653623068101701954e-02,4.201912433377773259e-02,4.706281380081958621e-03,-3.530467617809528169e-03,-4.701675461802296008e-02
-4.445265969760974628e-02,1.183523400067512665e-03,2.298149745515815079e-02,-3.959406344373518627e-02,-2.582426077353373872e-02
-1.585016019134715543e-02,2.261114870069892702e-03,4.100907215257931782e-02,4.086307486267710953e-02,6.768665537048447478e-03
2.617512583025620454e-02,4.436608947004580528e-04,-1.073040902223269810e-02,-4.170146055782436578e-02,-1.971156844384163234e-02
1.416899321469285156e-02,-2.072071996264482352e-03,-4.101071177084519848e-02,-2.714635019723331613e-02,3.920198975146702014e-02
9.463591274635202666e+00,1.144771397488910303e+01,6.323965478475707336e+00,2.502458535549580887e+01,-1.362944927611686036e-02
2.171767508453949702e+01,2.624846980380118211e+01,1.464184379732944130e+01,5.727614034702709489e+01,-1.214452340936598984e-02
6.601693563434020007e+01,6.730442512369864971e+01,4.422089810100214180e+01,8.471322602606119290e+01,-2.497283426665294556e-02
1.650873056416989186e+02,1.564151973620629974e+02,1.170509202198351630e+02,1.362418629098694680e+02,-1.257125307684563847e-02
3.408839907043446829e+02,2.962981434480705616e+02,2.916106348800132650e+02,2.187160209623336584e+02,-3.484524719518033997e-02
2.966817173549391100e+02,2.419094439791301454e+02,2.668481765458190011e+02,1.745980833320864463e+02,-1.353871871949068745e-02
1.549611500199549141e+02,1.034632869827089934e+02,1.273137113431962746e+02,8.673981294922775476e+01,-2.411939085456284160e-02
3.700189540474022465e+01,2.862113662121523916e+01,2.751907646459412149e+01,4.273443722843985881e+01,-3.468392092670402604e-02
2.197545084842511898e+01,2.639909799073079100e+01,1.511268244441188990e+01,5.684418294490630785e+01,3.658557614006699432e-02
2.166879069773136735e+01,2.675480344903793295e+01,1.507874554588040894e+01,5.774259748083716914e+01,8.225849273008477291e-03
2.162189352022879874e+01,3.355400702420217840e+01,1.779931781400885171e+01,5.559937150498353020e+01,-1.785711991782906738e-02
8.441942817466954807e+01,1.056062805569478229e+02,6.415067205635089920e+01,9.051191091634507302e+01,-2.214382958697745998e-02
1.402609839241912653e+02,1.562636457275511646e+02,1.012405610644358944e+02,1.101600816404564966e+02,1.032337264029314916e-02
8.315962298100259886e+01,8.379637096753873493e+01,7.526072284120249378e+01,4.593903609973747137e+01,3.202947240853841471e-02
9.563678001335819090e+01,8.954527298096732579e+01,1.055332478772600382e+02,3.154381525892585358e+01,5.806478651226222587e-03
6.800484287703108066e+01,6.360520587576614560e+01,7.498770134859552172e+01,2.299707630543804626e+01,3.716056527848836388e-02
1.470767671512980025e-02,2.314153558207388550e-01,8.268110790807656207e-02,1.805570968524285780e+00,3.741892873216934312e-02
3.411421933105904247e-02,8.188132042721253667e-02,6.439297846761209143e-02,6.028920928516492417e-01,-1.259632663221268295e-02
-1.812682305124790547e-02,2.068646508967231928e-02,5.536000043413370894e-04,1.000154063504176127e-01,3.263673610389776492e-02
-1.244714325784111730e-02,8.853099021507090938e-03,2.761704116207396031e-02,-8.347672139206313568e-05,4.555888770593038983e-02
-1.957315044347440747e-02,-3.572632818597078208e-03,1.872858854404800544e-02,4.374258687447735161e-02,7.539381608730334750e-03
3.674461209596871503e-03,-1.100419131103543002e-02,-2.860995331703172426e-02,-2.448212691915615732e-02,-4.139482976048487750e-02
2.782229157396952368e-02,6.886338278190774764e-03,-2.333401122290570603e-02,7.236551089143394844e-03,2.453917968192281807e-02
-1.254219838426968991e-02,2.318338710435922934e-02,-4.367100249873016177e-02,-4.470493077643727942e-02,3.914454287935974219e-02
2.718198042177234763e-02,7.836095042101309804e-03,-3.192596797481826731e-02,-1.017857568894844911e-03,1.038390566786695501e-02
-4.575901184502292884e-02,-4.074819642655163471e-02,3.980950563788825114e-02,3.748927113651238929e-02,4.879892256845366760e-02
1.178758230059619855e-02,-1.228171865310643401e-02,-8.358758242175301501e-03,2.750449355016684749e-03,3.786853099212540708e-02
2.263410605831189804e-02,-4.606081835922411216e-02,-1.603937990078611181e-02,4.375508564047088378e-02,-9.901079128210830971e-03
1.540827942025966291e+00,1.813680884207921729e+00,1.070960016484994393e+00,4.053993515536241432e+00,-2.563476795509529726e-02
4.080384729444670455e+00,5.577203164297347193e+00,3.208697507100555235e+00,1.198480318299413305e+01,-2.972423217433286732e-02
1.341559274277642011e+01,1.730415377654127340e+01,9.890347208942763757e+00,3.735310634226109983e+01,-2.830564330583736077e-02
1.890788180901996611e+02,1.509499844087540623e+02,1.430166972345367640e+02,1.301701936232078651e+02,-3.642178473576096476e-02
4.232215902377138264e+02,3.513741930195795362e+02,3.478851444397976138e+02,2.575026938058998667e+02,-3.874061164870580554e-03
4.121778806455413360e+02,3.526466344274355151e+02,3.378034951666232928e+02,2.660377262626554966e+02,2.455309671182087650e-02
3.382737344837524915e+02,2.821829035217369892e+02,2.563788886134863105e+02,2.416173318187391601e+02,-1.435793956643698771e-02
3.222959707014642277e+02,2.554324471074422149e+02,2.382316071020144079e+02,2.222942851699397977e+02,8.386364830316218877e-03
2.625025547124880063e+02,2.099790735163578290e+02,1.942975761889579758e+02,1.897317766421962233e+02,-4.662339944594316027e-02
1.959692737611391067e+02,1.786069334365424481e+02,1.463236571934288293e+02,1.679005030742060285e+02,-3.464506748262690533e-02
1.165298076080187570e+02,1.391642485544082319e+02,8.599464059075349098e+01,1.334250291657790513e+02,3.581275179474063819e-02
1.400687177112930044e+02,1.592660522126257661e+02,1.012277436888523141e+02,1.320414486576972024e+02,-4.703356722327749900e-02
1.245911293254032159e+02,1.434561705370258267e+02,9.435128224100579075e+01,1.109332144502209161e+02,-5.905636736164107670e-03
8.666446159533350624e+01,8.505872710380738511e+01,9.443915632807383531e+01,4.073880470619987904e+01,4.171597447368391443e-02
9.601327944897326461e+01,8.987570023540362740e+01,1.059053031294793215e+02,3.181825367722127140e+01,3.299490216582436075e-02
6.843021715354861101e+01,6.400733804027260021e+01,7.539884288066829754e+01,2.305777021496541224e+01,-2.786267249581757602e-02
5.270224850558510171e-02,8.469164992908012612e-02,3.435886449424623793e-03,8.997281902932073860e-01,3.591290154775245158e-02
-2.514964763421661045e-02,-2.982060378373476567e-02,1.905628071533302381e-02,-4.337833224188420572e-02,2.650882997385789475e-02
2.159352041614480411e-02,-1.302904179486668451e-02,-3.756776525332324035e-02,-1.731941545922505155e-02,2.645034136038851291e-02
-2.990756914448021789e-02,1.356280325649628082e-02,4.843204478181023509e-02,-3.320112509335807621e-02,-3.311383662030901315e-02
-2.384569266936177601e-03,4.284442258911706769e-02,-3.912462872243830520e-02,2.189617039708945112e-02,-8.511260445075718994e-03
-2.094092935712742534e-02,3.142272903018025754e-02,-2.617441885639885252e-02,2.725541504710587981e-02,-3.504887691778736658e-03
-1.570327789980252575e-02,-2.044797496253106944e-02,1.073015160891770126e-02,-9.205815100445588484e-03,3.247287188452996354e-02
1.692477033727199376e-03,-1.828094801774624717e-02,1.206878861916303725e-02,4.027607942118487105e-02,-2.947613174295665717e-02
-4.444870983993858687e-02,3.674664510098366033e-02,1.244462998241606388e-02,-3.156984109792097815e-02,4.966718685719381798e-02
3.167303768967794086e-02,5.646052805154955223e-03,-1.764159425784083551e-02,7.030896242240514127e-04,3.713665614925054648e-02
1.787071961572575529e-02,1.432932277055931625e-03,-7.597381074791263733e-03,3.258293148877422496e-02,3.124923726004764923e-02
-3.678339635808055424e-02,2.180626235741890337e-02,1.649223167827925177e-02,7.136307120634277634e-02,-4.724077703768325698e-02
1.966172100241731988e-02,-2.082321053913676473e-02,5.539642833825106361e-02,3.332365800720540894e-01,3.829397396598581416e-02
2.639503597733302773e-02,8.636725566084384464e-01,6.450687704064563821e-01,2.256112028122141844e+00,-2.321751386106205711e-02
6.572244612980471246e-02,1.381358894246404345e+00,1.002927148660060608e+00,3.605378229995768180e+00,-2.851707177350361333e-02
5.139113972432829769e+01,3.999642704795859061e+01,4.606302514908524870e+01,2.662654461288961727e+01,8.516961772968859035e-03
2.557898947242765928e+02,1.988150395411385318e+02,2.255465526578758784e+02,1.217443377369182400e+02,-2.340644592161969170e-02
2.452842469046007068e+02,2.108848165806812176e+02,2.077312607855224655e+02,1.545559167517619699e+02,-3.523386820887450255e-02
1.763997717308486699e+02,1.651982070730721830e+02,1.350893495317044426e+02,1.620133409723092370e+02,-3.561960597798977807e-02
1.687669684497718947e+02,1.652964435923077247e+02,1.288784324584087813e+02,1.579909249512974441e+02,2.309835639558456555e-02
2.170365860469578365e+02,1.966808810145995494e+02,1.647997827247546638e+02,1.777014572506995478e+02,6.403312638420123604e-03
3.091701536159674788e+02,2.608880104472756329e+02,2.325431339235235271e+02,2.287505421262706591e+02,4.130490876384938781e-02
2.596513295528991989e+02,2.327093226875497862e+02,1.910100909575745618e+02,2.053154721837339309e+02,-5.851593303286620196e-03
1.664725224101906917e+02,1.851274385323817171e+02,1.193097089721646427e+02,1.696504711733609270e+02,-1.062899077020100502e-02
1.171877771566957591e+02,1.345958796282266690e+02,9.047611228233965619e+01,1.312049949369381636e+02,-3.749822418037163096e-02
1.160236544066475943e+02,1.144863347353299190e+02,1.197210459021870577e+02,8.424798702915779813e+01,-3.504722172913698336e-02
1.077110335913734076e+02,1.041127838530859151e+02,1.135522665010508092e+02,6.342929089939421061e+01,3.421409885689687125e-02
6.705442844656987234e+01,6.341142802950516000e+01,7.247020630113308926e+01,2.878331888812990158e+01,-3.657587160275608401e-02
-2.844079912524056369e-02,7.195635153462290323e-03,1.657982839536140465e-02,8.507792904905145739e-03,1.009785009382446752e-02
7.080289499993243016e-03,4.665082292566394284e-02,4.932714429724663341e-02,2.343301499140180988e-02,-9.876961896081337677e-03
-8.591207497652311731e-03,8.991053244516218623e-03,1.751800068322448278e-02,3.014821582351850243e-02,-4.116037069002469878e-02
-1.466728427452097805e-02,3.092256506645223169e-02,-4.733140971122946905e-02,-1.071817524476389311e-02,-9.682663588488349404e-03
-4.060598426983102333e-02,-1.878986713135695485e-02,1.985996624787839115e-02,4.455538980542649019e-02,-1.103707461799992989e-02
-3.740829342988902240e-02,-2.475966546986644451e-02,3.974112801069988599e-02,-4.283075621324281684e-02,-3.112559883727865698e-02
-4.830702212358366915e-02,3.854952397559825716e-02,-4.669545966992860037e-02,-2.903415444632770001e-02,4.813347325494442275e-02
-1.755049626521406475e-02,4.054478461231604547e-02,3.468444621361269076e-03,4.072546799215913393e-02,3.457085264336760833e-02
4.040149588289503046e-02,-3.530616819956849256e-02,-2.366438945310123110e-02,2.641693240769175943e-02,-2.699795743829876138e-02
-2.399563696065270049e-02,-4.823948337993361202e-02,4.668939753134040971e-02,1.514418602662132018e-02,-2.495814363368836775e-02
1.703958852848636019e-02,-3.980013368964490511e-02,1.273665376793593762e-02,-9.507691164023224228e-03,-9.368627047139387043e-03
1.174638694984913353e-03,-2.130543567999624438e-02,6.679355530739647384e-02,4.838446508901722010e-01,-3.287730869833152547e-02
-2.618167695028535483e-02,-5.436776125959181388e-02,2.190872372604042370e-02,8.233069153576841881e-01,1.073563997573916129e-02
-9.439580902979187449e-03,7.512791183378588755e-01,5.691091262036014342e-01,2.541470391883406510e+00,2.939733301075381222e-02
-3.817264302092514099e-03,1.247997421903214832e+00,9.181581555237132708e-01,3.575762981708507038e+00,-3.870538980953978220e-02
1.857191308867356483e+01,1.850442040750363049e+01,2.130497177898581640e+01,9.211101773182349461e+00,5.011777505711315084e-03
9.772484784213141040e+01,9.274132024787819262e+01,1.075048705986400392e+02,3.798371387777110897e+01,4.169640780872758967e-02
1.034608931292494844e+02,1.023277621533150210e+02,1.069043569116122683e+02,7.644803583703203742e+01,3.240453893765719851e-02
3.318259898564523525e+01,3.795311238430119971e+01,2.801020606784716094e+01,6.288039299156913131e+01,2.808593516177317062e-02
9.347058456531664561e+00,1.564209463773797459e+01,8.183442894475158269e+00,2.436952372091774066e+01,5.486249341628682274e-03
1.000911408762565991e+01,1.840736903355191600e+01,9.643281873904829382e+00,1.885278786787243988e+01,2.239974309982267764e-02
2.069558787086405118e+02,1.578621584326564857e+02,1.487320232900122505e+02,1.232247733419093407e+02,-2.030331329569076693e-03
3.099730847597266461e+02,2.461566934212426929e+02,2.297599176406025094e+02,2.056581972484593166e+02,2.443787729586673063e-02
1.406319549610730064e+02,1.580918141482957253e+02,1.033360917873187219e+02,1.492216874782634193e+02,4.794198537454938402e-02
1.878167237080654672e+02,1.861490332798177292e+02,1.452200132650390003e+02,1.473766457989989931e+02,-8.283072422725336337e-03
1.858376171536628192e+02,1.780237536790448303e+02,1.650305689405197995e+02,1.283765321194157139e+02,1.942437236779580301e-02
1.188138188680600109e+02,1.166562903896956698e+02,1.206982819435404366e+02,8.835003908755160751e+01,-1.546256983963294890e-02
4.251085990238497914e+01,4.504793017247148867e+01,3.821958593119358483e+01,5.913099794363100159e+01,3.681926721182739171e-02
1.184091274536000959e+01,1.421385382381740747e+01,7.922635841444107818e+00,3.108126095427239122e+01,4.780194089861330986e-02
-3.283461333438948693e-02,6.068431333829877802e-03,-2.807517340541279549e-02,-5.608298568055229867e-03,-3.494918829177854486e-02
-1.989413699717939438e-02,-1.315919771639349756e-02,7.434507057968712217e-03,4.224867226384611957e-02,4.691536553753705707e-03
-2.673343330098647622e-02,-1.865906070900935285e-02,-4.337771900177806589e-02,-4.763205179222421148e-03,-4.367563157785955830e-03
3.595486100218424352e-02,-2.922117173173881602e-02,4.710764037182567365e-02,-4.782880036297419007e-02,-2.540566599292273450e-02
2.361618096620585194e-02,4.665490136340869065e-02,2.625850151546781086e-03,2.276597868918001089e-02,-4.549253727702307071e-02
1.723399189642062235e-02,-3.735211589177278579e-05,4.865304533139715171e-02,2.836934043552309659e-02,-2.023720824354341419e-02
3.615146363293454679e-02,1.402369574527423390e-02,-2.577832358683438546e-02,-8.195858405690925608e-03,-3.258738850140639742e-02
3.470902443716104846e-02,-2.738995191258108974e-02,1.556179004431401669e-02,-2.530713683981700157e-02,-3.981932241088920188e-02
3.826969826308498912e-02,4.054121104084390526e-02,-9.359932727924610840e-03,2.262639427888238353e-02,1.588065954745540576e-02
-7.151224607252549756e-03,-1.502750023977037115e-02,-2.274260467937548949e-02,2.760613476791980991e-01,2.454167458263363522e-02
3.528249893102373969e-02,-3.469475134069950964e-03,8.449050278570592598e-02,7.956462119958350732e-01,-3.835036881363138028e-02
4.496831953820124017e-02,1.213908312563602432e-02,1.117333778194478794e-01,7.830753180994414198e-01,4.884034224864736151e-02
1.498016299872777779e+01,8.615499632545754238e+00,1.178456483586191084e+01,7.687202933182364362e+00,-4.238273043370795190e-02
3.258849129371792941e+01,1.876900341999939670e+01,2.555136572477540824e+01,1.617093932547742696e+01,-4.646677327443596295e-02
4.952307978263448263e+01,4.618084594623571348e+01,5.427498404168684942e+01,1.711620631660363046e+01,4.237536453350811139e-02
1.087945383494282652e+02,1.051820048388831736e+02,1.140372262887042893e+02,6.503990269264248525e+01,-2.285552866039058939e-02
1.119867515479331672e+02,1.102731382504292412e+02,1.139437641979655496e+02,8.545933790921723983e+01,-2.267647883941844786e-02
2.440337191784588811e+01,2.534542268253187913e+01,2.274296169856527783e+01,3.072049817425490303e+01,3.116140330419812920e-02
8.780203367154401306e+00,8.278529846506074819e+00,5.833008790606261762e+00,7.940153084972283892e+00,-7.787682870116260925e-03
8.662466266823695094e+01,7.823611719140600940e+01,5.650850120456244952e+01,5.018704478311869366e+01,1.066169217148298098e-02
2.258938346815893681e+02,1.723784606490543752e+02,1.614537075427519994e+02,1.196700254132205430e+02,-3.054123875237860913e-02
2.208517174014911575e+02,1.700192683755833514e+02,1.754982940116395298e+02,1.332101300045460164e+02,2.970743081421997611e-02
7.569487394784189860e+01,8.470758481033497844e+01,7.728785364648797440e+01,5.520458644100437340e+01,2.827266217360191458e-02
1.321319475102598631e+02,1.229950921976867306e+02,1.246607247848181288e+02,5.671883508260442852e+01,-1.602128316671922598e-02
2.252576034922653321e+02,2.093115929628815479e+02,1.900474670568990518e+02,1.235380211160871937e+02,-2.632369681779602941e-02
1.276460716753833395e+02,1.234072023269639260e+02,1.156100787831773147e+02,9.541091498617890920e+01,-4.559630469829473176e-02
2.921706899382167677e+01,3.311680981139983970e+01,2.280282513073365891e+01,5.934291369675295158e+01,7.731564686315382795e-03
2.017032353403481792e+01,2.425905594547250743e+01,1.349903364126132210e+01,5.300854123041879973e+01,3.149102073404909385e-02
4.663762233339082464e+00,5.652881204010983041e+00,3.151165565181656358e+00,1.243315058129194206e+01,4.196728298819006608e-02
-5.766322997727651306e-03,4.368466845964857903e-02,3.121646175424517070e-02,3.890004025697230139e-02,-1.866797902207578685e-02
-3.007340284032983951e-02,4.267920843307823620e-02,2.800975189602058005e-02,4.780161403871380221e-02,-3.934492264520519922e-02
1.635744404454242407e-03,4.445902339514136437e-02,2.844980290408490042e-02,-2.919659961493958900e-03,2.175876612537734622e-02
4.931266799234425291e-03,-1.401833037166348023e-02,-1.973512514752269464e-02,6.682428544413344940e-03,4.986766124702433911e-02
-2.079427862330396337e-03,5.944898910252849333e-04,2.543259925677456013e-02,2.999103757841925511e-02,4.983847396410202857e-02
-3.868110568735564497e-02,2.479129731822191096e-02,2.779315490711763148e-02,-3.275858020518114533e-02,4.794697337214227917e-02
3.408620361721868830e-02,-7.940634184391823225e-03,-1.697755646712219291e-02,-4.851501225443005660e-02,1.768396796960489126e-02
-4.052841885789620208e-02,-4.599540943052243813e-02,4.731632380898907753e-02,-4.093504815137757880e-02,-5.217488768532028975e-03
4.256938858770772938e-02,-4.436033770912067853e-02,2.288053055687874066e-02,6.831962464889115294e-01,-3.995786425165065436e-02
3.175909146205686123e-02,1.751185304723055364e-02,4.348779569890737912e-02,7.868131821171496787e-01,-1.538588993483274575e-02
2.534859743027343890e-02,1.131550791081182943e-02,8.011831401932638375e-02,7.826646401174325307e-01,4.730456346074952967e-02
1.100263474368034480e+02,6.249218374862891068e+01,8.605293229575528358e+01,4.947336419950027420e+01,-3.662097963087637686e-02
1.724754834754571959e+02,9.790774674123660759e+01,1.348567837441168251e+02,7.687986052575311646e+01,-2.243710991029113089e-02
9.750130851499514506e+01,6.878885916264832190e+01,8.586367790854789916e+01,4.603602328666606525e+01,-5.658491828136061330e-03
1.206550679943502900e+02,1.170413462485146141e+02,1.223507446837281094e+02,8.815402728016772471e+01,2.925615190839880864e-02
1.042070440535964906e+02,1.014817375820269802e+02,1.077318088372921210e+02,6.994518612356264953e+01,2.083893677105050357e-02
3.308857553010769692e+01,3.030082304493328849e+01,2.733049186072308245e+01,1.678948088136240813e+01,1.814721696022064679e-02
1.036097194910130241e+02,9.133261961824871378e+01,6.847655219865077925e+01,5.922547006713629258e+01,-3.206700680077513577e-02
2.115341972863120930e+02,1.596549605895890807e+02,1.500223974637164019e+02,1.100130106318313921e+02,4.258004956363213578e-02
2.338395572123635304e+02,1.692235635421401128e+02,1.797510198238458656e+02,1.283487002173239375e+02,2.710181252960257303e-02
1.378156605693718291e+02,1.129287480751968076e+02,1.149813875045930871e+02,9.226313770000675163e+01,-4.634579772544255433e-02
7.405243575408177037e+01,8.547580893918511435e+01,8.306621178263814897e+01,4.335907144170354854e+01,-1.650834199693165111e-02
9.563953407117645611e+01,9.024393143475396073e+01,1.060632775006431388e+02,3.205431418596544546e+01,-4.471891329037055995e-02
1.900076026438210590e+02,1.745228445507761137e+02,1.667506226440144133e+02,8.369527702275843239e+01,-1.064223501388043835e-02
1.243079178082773382e+02,1.142567667122257973e+02,9.321605223439664201e+01,7.148440337440567305e+01,3.153030497594280779e-02
2.191814810016795079e+01,2.563995564466616273e+01,1.462546495458012608e+01,5.251479673295625616e+01,-1.175514982782677187e-02
2.170550990375967615e+01,2.602957763124436141e+01,1.449389903047496553e+01,5.705139655687408151e+01,-1.524035831912066291e-02
8.214942067151314475e+00,9.908654189023424763e+00,5.451522600891570924e+00,2.167395096798816567e+01,-3.254331096986672056e-02
4.090883472552983569e-02,2.095636419335555889e-02,-4.899222489684895016e-02,-2.280167999143789537e-02,-2.621474770515273139e-02
-9.761454530404792274e-03,1.474345633965833124e-03,-3.971078530910140958e-02,-4.426180918112046503e-03,-2.041626238492592199e-02
-1.274697229756810435e-02,4.872106020967506557e-02,2.794212332198135751e-02,-3.494981838345449093e-02,-1.559929929359542972e-02
-3.356623396181887542e-02,2.556146206474727012e-02,-1.609993694213369964e-02,-2.184664950369709369e-02,-1.058231052120889304e-02
4.876887345770389293e-02,1.429626758382868124e-02,4.188836895760399137e-02,-2.634361228167837743e-02,-2.060877734956598900e-02
-1.410503187296505145e-03,4.929046855087505785e-02,1.117658687848949173e-02,-2.535061956609331590e-02,-4.080995366138987640e-02
4.420331350920718438e-02,-9.325974008548967853e-03,-3.163758458729724193e-02,4.965569443389321325e-02,3.254048376924577324e-02
1.114910901559820061e-02,3.757170654971406232e-02,-4.105540186887114695e-03,2.764831855521171500e-02,4.376915443845585951e-02
-1.012252465600417192e-02,1.795698857807546955e-02,7.811860966615404023e-02,5.437684423256098354e-01,-4.860941414008160960e-02
4.595280546375134223e-02,-5.193960534578439397e-02,3.647148469679023508e-02,8.056795167364537713e-01,-3.759013710116711204e-02
1.857654266021742731e-02,2.037488500152302359e-02,1.876339664083976136e-02,8.404754054475040981e-01,2.839458425998418745e-02
2.923694995309742595e+01,1.650371619229446551e+01,2.289611330430454927e+01,1.373141241559894610e+01,-3.425759514964321628e-03
1.351026602389829918e+02,7.784804126175386330e+01,1.054520822378056835e+02,6.482707615826406311e+01,3.213194090668994307e-02
2.079673075277498242e+02,1.354781999398487073e+02,1.666393095836871794e+02,1.273204381044218110e+02,1.740576928179829452e-02
2.764567424674475546e+02,2.051165343978732380e+02,2.441913850816567049e+02,1.562765543865693019e+02,4.369374556119312580e-03
2.711517566031010915e+02,2.044846328085463654e+02,2.371634088097962092e+02,1.258022940706593147e+02,-3.144118394219609647e-02
3.000560001702393720e+02,2.275995956282601753e+02,2.366902353432187738e+02,1.409111586799668885e+02,-3.520740609632965618e-02
2.809356231315022114e+02,1.987933088933978070e+02,2.043983228466925937e+02,1.402899362986300389e+02,1.462330984517963561e-02
2.041905571655317715e+02,1.264801875033965501e+02,1.555538979576009524e+02,9.569872157081327657e+01,-2.074063008274208697e-02
1.486080331581694054e+02,1.137403270572298055e+02,1.221144732716945498e+02,9.296147674918010750e+01,1.106504467127936847e-02
7.633134822660787222e+01,9.645037652298005071e+01,8.335441597078444431e+01,5.766734424220297939e+01,-3.286669937709518763e-02
9.943565836737015218e+01,1.000468611755821087e+02,1.106549627767286523e+02,4.084599239475888055e+01,2.244108491339397160e-02
9.567845263621777008e+01,9.012198247432120013e+01,1.060383129239213815e+02,3.223810004244256078e+01,-1.916045669608444982e-02
1.225083165491580104e+02,1.129960915346407262e+02,1.165124890949903289e+02,4.890154824135505862e+01,1.568764734854770360e-02
1.324851532599478787e+02,1.207461542278806519e+02,8.917867085643146652e+01,8.010217132419188601e+01,-8.879684800281083257e-03
5.402120837883792603e+01,5.448640417835473215e+01,3.551721844122061356e+01,6.987116579084920431e+01,-2.324127012704763073e-02
2.171739670602131511e+01,2.611211714289937191e+01,1.444623797253278852e+01,5.698560391460821961e+01,1.477391446300366229e-02
8.267367592373577878e+00,9.868483632958247043e+00,5.542383972682862314e+00,2.167723594345537919e+01,-1.731978944899544015e-02
3.004932662127429710e-02,-3.519603983690259424e-02,3.007810955293163668e-03,-2.748715377871093976e-02,1.487784962320422288e-02
-3.935478264790678860e-02,-1.387293881180710203e-02,-2.757438424270591826e-02,4.754883686882292737e-02,3.399154873514702302e-02
3.735066457487333513e-02,-4.787627814148028016e-02,2.977460337842741112e-03,-6.403954148095233889e-03,4.085865808456201620e-02
3.189402577347312528e-02,1.472597113482149167e-02,2.886640890521652292e-03,2.178569221653835208e-02,-1.693048699280145369e-02
-1.684740564409166474e-02,3.694923598368828055e-02,2.088337256147386467e-02,-4.522577499437551579e-02,-2.808417035870598710e-02
1.535247838372839901e-02,1.906354176716018589e-02,-1.340166111290078815e-02,1.933180231190442799e-02,-3.731478904217943454e-02
2.215520458990502539e-02,-8.172297975156915528e-03,-5.562112538226617053e-03,-1.622508832440411330e-02,-4.698265005486582796e-02
-2.274294625815082016e-02,1.564901481406902328e-02,-1.684409271722741436e-02,-2.474285223709199455e-02,-1.367067189042042719e-02
-8.629892138059300222e-03,4.904943021456217855e-02,-4.235279067614246273e-02,3.098991304333868768e-02,7.269866934769567135e-03
-3.129222250539302058e-02,-2.785051728353353517e-02,2.418033837190215404e-02,3.383281353678205816e-01,1.346566936470859621e-03
-2.447249376159537151e-02,-4.384470140046677934e-03,3.407257985030887060e-02,7.063901649413909523e-01,-1.543911170715358411e-02
-4.122718905433874620e-02,-2.675155719290293888e-02,2.765588369843732450e-02,7.053251482712493692e-01,-3.237599888467224130e-03
6.116452848859060154e+00,6.560351476475779542e+00,4.332073504056607405e+00,1.394314236216231073e+01,-2.742537682839626609e-02
7.981870748923316228e+01,6.034635224282768462e+01,6.118118158281560426e+01,8.300171782573697499e+01,3.954703252785261858e-03
2.199182250352105541e+02,1.714206552049266463e+02,1.903690811118891020e+02,1.352862095627674819e+02,7.087253773012211489e-03
3.562060989940200670e+02,2.774598560673667862e+02,2.931661336494528314e+02,1.607502733476065089e+02,-1.306876165192075862e-02
3.398569119143026001e+02,2.585630501276674522e+02,2.812581995652585078e+02,1.514943505444447283e+02,-2.509341856905214149e-02
1.629308786515010468e+02,1.064190260817172771e+02,1.269415798385649197e+02,7.503135051644910902e+01,-3.554627247283884822e-02
9.740132358068390772e+01,6.301081363791264778e+01,8.114197967391329769e+01,4.481861379810711554e+01,2.644303271052482474e-02
7.537268104559930748e+01,9.409519550046907455e+01,8.239729305234780554e+01,5.442843331600857226e+01,1.921045988903728741e-02
1.102740230682566391e+02,1.263891749136174383e+02,1.229128059694825623e+02,6.240533497854500666e+01,-1.620443607851956153e-02
9.560987023138970642e+01,9.034487021186845368e+01,1.061545201752611263e+02,3.268845433322942284e+01,3.641690725231801207e-02
9.109371690753525286e+01,8.575988832861553135e+01,1.009750595007686940e+02,3.040577720183823729e+01,4.909697024551422373e-02
5.750482224741620740e+01,5.514563545902070985e+01,5.106132437857505124e+01,4.136630172665249461e+01,-4.131830533097283209e-02
1.428990598436561186e+02,1.350821851218053951e+02,9.343797994126529716e+01,1.230095277058435812e+02,4.247070649496606509e-02
7.719718309359312514e+01,7.620608683119984050e+01,5.063255517446578580e+01,8.880396928674839785e+01,8.656866932988595276e-03
1.861585562601860389e+01,2.239460648679673938e+01,1.243867879655870823e+01,4.888382910061953623e+01,1.269603662627885599e-02
1.160252643514703808e+00,1.296455182603839962e+00,6.972945101377989729e-01,2.945610249478878284e+00,-4.412177383322432589e-02
-3.969447585830698788e-02,1.318893714510242787e-02,-3.624100513129183826e-02,2.421303717598230487e-02,1.630333491538751844e-02
-4.008639200588096085e-03,-4.295460615731352960e-02,1.342227418639788117e-02,-4.030435767803269148e-02,2.422773514907171355e-02
-4.916464690196642451e-02,-3.714084960442324418e-02,9.728333503535281646e-03,3.143946196371580348e-03,2.130592169358236365e-03
-3.884548967417911225e-02,-1.192395743482470294e-02,4.979669525713421863e-02,-3.167647243006041502e-03,-4.645029144317379399e-03
-8.587277092974798798e-03,1.543136914801962467e-02,-3.947351526230283986e-02,-1.652714154582516498e-02,4.985030507543757039e-02
-1.396308297609508836e-02,-3.003602418621820203e-02,3.066952188171577498e-02,-9.520318542333504330e-03,2.156318846591154248e-02
1.568884682656307428e-02,-2.353447865051906673e-03,1.622226453261449430e-02,-8.301093512704013633e-03,-4.767794357092172697e-02
9.392010929879637815e-03,-4.827749328361785608e-02,2.370920036134291364e-02,-3.816804339997899309e-02,2.759562883836817748e-02
3.422682094379213280e-02,1.390394951678611268e-02,-2.883248885755256355e-02,1.889491586229594122e-02,-4.833327518273977663e-02
-3.952396144287076418e-02,2.080818055946509482e-03,-4.259514748606257201e-02,2.527947570119677689e-02,-1.448682701726122096e-02
2.225715596984974981e-02,-3.260377042710366907e-02,-4.706814411914422847e-02,1.060884518135026336e-02,2.563483122402221426e-02
4.727641989201674527e-02,-1.364142019619586123e-02,8.302535190030596937e-03,-1.883515599871828745e-03,-4.843472679972959244e-02
1.055797190754226733e+00,1.210299804709021432e+00,7.222560868277512203e-01,2.867994584456826423e+00,2.946278630142129540e-02
1.624742157694076994e+01,1.952192005645587258e+01,1.084426725593087149e+01,4.295720583721124086e+01,8.509517105537059423e-03
1.145187992163426998e+02,1.118185768212323836e+02,1.058186211907354703e+02,9.141934556204800799e+01,-1.278648329037728598e-02
2.297391061596843258e+02,2.134562389390422652e+02,1.927528986247946534e+02,1.283587247535596703e+02,-2.843445384516279928e-02
1.618677356863131251e+02,1.505215084267428551e+02,1.484343704672169224e+02,7.807577267588723657e+01,4.392601463848264109e-02
8.490125282234033932e+01,7.920161670307642510e+01,9.308851343120316812e+01,2.716677253760112265e+01,-2.870038618590109447e-02
9.221928934180546378e+01,9.281858517733334679e+01,1.018668042179337903e+02,3.663389991074492258e+01,-9.233572740056247841e-03
1.127689289393118202e+02,1.329343973239405159e+02,1.254602081325826362e+02,6.716718729775422503e+01,-3.030638481704464246e-02
1.076829390293177937e+02,1.192928288486713484e+02,1.197090231395453372e+02,5.709344817043284337e+01,-1.322045967631690216e-02
9.763833436332018323e+01,9.367070850335970533e+01,1.060091849843879572e+02,4.568260012220011390e+01,5.084393111274267130e-03
4.016628134426451169e+01,4.155166869680769537e+01,4.022493444280534192e+01,4.141606182000522551e+01,1.297263095520820309e-03
6.128188796411289729e+01,6.116876465563478149e+01,4.034865207808984877e+01,7.530186096111125948e+01,-1.244949128534367233e-02
1.447887391620035089e+02,1.373792088143720491e+02,9.471623131486808234e+01,1.282518841687559643e+02,4.864278681973588370e-03
7.585965891180224219e+01,7.461298772838728155e+01,4.985066932853818145e+01,8.599937405620899256e+01,-1.815844159826586479e-03
7.394626979443036596e+00,8.905685384818347927e+00,4.968391097991724514e+00,1.941357579982213011e+01,-4.659414388042062982e-02
-2.815977966501391830e-02,1.005682688936369862e-02,-3.080011287221717797e-02,1.092196633328823552e-03,3.459217724973211172e-02
-2.127441200976254443e-02,2.632504614844626001e-02,-1.942551663358002209e-02,-4.374176766551871043e-02,4.002455945129339276e-02
3.318725251571473522e-02,-2.801767321271647626e-02,4.740814488858589859e-02,-4.543572678752538785e-02,-1.905475634481388486e-02
4.444790041925848756e-02,-4.277113373298792320e-02,-1.450416799630327436e-02,1.927877580203055108e-02,-1.485769192420952067e-03
3.514467394103230891e-02,-7.822002268141191317e-03,3.495250663432709903e-02,2.173238090621121277e-02,-1.626898087515861457e-02
3.599647018030185941e-02,1.641931159997933598e-02,2.328668103966601011e-02,2.700574500812373546e-02,-5.546991999806169527e-03
3.067711711297094190e-02,7.907409341490902188e-03,3.253466143122518694e-02,4.679819618170687201e-02,-3.289305193039530201e-02
-4.611143525522546499e-02,1.666457325625884944e-02,3.349650017797006774e-02,2.326652473342984140e-02,4.014297224174388778e-02
4.086216751968545224e-02,6.619766810434662974e-04,2.657253257448814743e-02,-4.339181228114183386e-02,-1.843211474102540021e-02
-2.716645133466877304e-02,-3.331992603041603052e-02,4.446309942219610345e-02,2.914225412733378873e-02,1.066926291448220404e-02
4.092623515963456082e-02,-4.766212207900197978e-02,7.024607238598247483e-03,-4.307730455932708147e-02,3.031613850317058101e-02
-8.422302988886191683e-04,3.500686686282523941e-02,1.207512945599245255e-02,-1.474952781472081698e-02,1.432053243628483852e-02
3.803062593055978741e-02,-2.848498369012988918e-02,-4.995893066828784035e-02,-5.388618299890391566e-03,-1.619841712365893693e-02
2.351128117516968971e-02,2.242322762258342622e-02,-9.670124362545773344e-03,-1.055130537723567886e-02,3.764177489107289887e-02
5.972468491130247692e+00,7.190637703887764687e+00,3.996421172572137248e+00,1.575161423760157753e+01,-2.558625583410705298e-02
4.781270724940014105e+01,4.973100736981788117e+01,3.930758326526146362e+01,6.427987198738941288e+01,-1.967763109212448958e-03
2.114619611146972886e+02,2.000016090649706655e+02,1.768301045665923255e+02,1.425564850905483354e+02,-3.794985957573673852e-02
2.268168199386263097e+02,2.140404296738927599e+02,1.910202461803622214e+02,1.486871379898575185e+02,1.947214607244027174e-02
1.500015313495642602e+02,1.430876055544947576e+02,1.408596720158308528e+02,9.348680633010418717e+01,-1.010157802050395265e-02
1.220460000496219379e+02,1.359990346864496189e+02,1.285270534209359141e+02,9.459571708481789187e+01,8.702357518180700580e-03
1.280152564335290606e+02,1.512977860773348766e+02,1.356005968259371457e+02,1.074541972694005239e+02,9.306017448426108507e-03
1.161180583434531428e+02,1.229983064684015233e+02,1.219641474426139069e+02,8.592486566387687219e+01,-4.485605433047841484e-02
4.929540582955058170e+01,5.307866584895973006e+01,4.577553326768884290e+01,6.822011147553948263e+01,3.345765347893628339e-02
2.174951066243559339e+01,2.664984994500877136e+01,1.494746088345207724e+01,5.888837192090517902e+01,-4.187393195908679921e-02
1.044595176547068434e+02,1.008015765802952757e+02,6.843125862236992418e+01,1.052068380635969760e+02,-2.829714570686567982e-02
1.373243419558460232e+02,1.302340578564151201e+02,8.993615602617086324e+01,1.217627706113125470e+02,4.837356904238154787e-02
3.563000788612056624e+01,3.432448992893722561e+01,2.335225003219712292e+01,3.629426839810312089e+01,-4.828471058050266829e-03
-1.397779741110320717e-02,-3.951521220567532494e-02,1.221704361488126604e-02,3.356336425469851892e-01,-1.046698230679832253e-02
1.504349460523549120e-02,3.745215203736962373e-02,2.798106858432722333e-02,4.074040991628766206e-02,1.731280359365924837e-02
-5.796783944833440450e-03,4.173856952746748950e-02,2.306576259766504600e-03,6.924783270272662217e-03,-3.035001782117387192e-03
-4.793037106958554505e-02,-1.487762712419267441e-02,2.877178516680098386e-02,4.855694364623946990e-02,8.788618023887626030e-03
5.215055162920839704e-04,4.356416132858510759e-02,-4.770486854574403079e-02,-2.881886847275292457e-02,-1.208695737389683250e-02
-4.553363123586887107e-02,4.343596463455605405e-02,-3.844805820969433852e-02,-3.160287406330189452e-03,-1.498299535913790587e-02
-4.915908210952274482e-02,1.399511439022861625e-02,-3.187318100989339209e-02,1.311219314561945515e-02,-2.845843294585285316e-02
-1.897706838865376167e-02,-4.283405902369952223e-02,-3.123856719514555083e-02,4.241841729961684515e-03,4.232799293947084318e-02
-3.751221932373121487e-02,-1.012751596823829869e-02,-5.150583665759288221e-03,-4.406717978037020395e-02,-8.969552893093452051e-05
-1.269172670176784562e-02,6.900132346803061756e-04,1.304185227426937765e-02,-4.618501828631896289e-02,4.200491809227240025e-02
2.557501807284166817e-02,-2.283103787994891429e-02,4.915623573341652841e-02,4.568516538519160064e-02,3.280339120001042608e-02
3.786624039832431343e-02,-2.321292817988953802e-02,-4.946691138819794831e-02,2.437135210280932940e-02,1.190605022425013371e-02
1.179752202497180713e-02,7.926292732263785779e-03,4.137748738354481148e-02,4.688869448094756809e-02,2.860492607417951250e-02
-2.574974955197282004e-04,-2.777871804409890941e-02,2.074709878642343880e-02,2.238742038664736506e-02,-6.433179970894577215e-03
-3.994312088754752542e-03,1.040812679588881380e-03,6.389736917056176684e-03,9.208481330255235617e-03,-7.045548734287386539e-03
-4.977174865391094383e-02,2.086941375803880519e-02,4.438409324200137673e-02,2.386254634285508297e-02,-4.163322991356897124e-02
4.864818626847101868e+00,5.892999988149861146e+00,3.307417056573726200e+00,1.282496587510448194e+01,1.300579627855218134e-02
4.450629298921338517e+01,4.487321795594504437e+01,3.664861854601254976e+01,5.017301766428528254e+01,-8.778435293727668287e-03
1.996473257148164748e+02,1.887393120754873053e+02,1.695054797148440855e+02,1.316961896418100082e+02,4.699354141339187607e-02
2.378293921184277337e+02,2.240826527151870380e+02,1.981927196774976494e+02,1.551665252142793463e+02,-4.100947451375844266e-02
2.325113378162001538e+02,2.402371047934386183e+02,2.013623212206615847e+02,1.733313509544482542e+02,-1.569617183119014631e-02
1.745359707620465031e+02,1.942640234649898332e+02,1.561255502257281194e+02,1.527453447143304288e+02,1.607789749883223318e-02
6.188528085346461438e+01,6.374874989780941092e+01,4.351501521080887613e+01,8.163200052659406936e+01,2.612277165649648514e-02
7.475610230051991323e+01,7.533291781731301739e+01,4.995664828611214148e+01,9.014155848705438245e+01,-1.632826234050720193e-03
1.142470201562280465e+02,1.098574889593013637e+02,7.503552511642961065e+01,1.089576639255678714e+02,3.776347603251327401e-02
1.415308832312790344e+02,1.338623426927329092e+02,9.259735666336223403e+01,1.222224178485642199e+02,1.382729762308636257e-02
5.771558688763781220e+01,5.424790540395872540e+01,3.781691440483916722e+01,4.847406729968896144e+01,3.930314210598830071e-02
4.077786873219667318e-02,-2.565198953217887740e-02,7.228829413183764097e-02,8.059528130066979656e-01,3.463444018868722107e-02
4.357388251473798962e-02,4.564551653213155813e-02,1.668917790428036882e-02,4.040121080321253388e-01,-4.740876568222081311e-02
2.881547026340673667e-02,1.529458619266538255e-02,3.208514605849836776e-02,2.550287076473814474e-02,1.109064466549630756e-02
1.697515773340374512e-03,3.977902308463948655e-02,-1.467083365989844262e-02,-2.470963829401022840e-02,-1.436514082618473021e-02
1.297998310352002638e-03,-3.090468788857677826e-02,4.064155761682362866e-03,3.440332151341389533e-02,-3.993841144913234942e-02
-3.983137837099300083e-02,1.582106358236842758e-04,3.540063498297774114e-02,4.604896934752393534e-02,-4.015048389947786789e-02
-1.074508464824212167e-02,4.612349528704462465e-02,-4.906455588288996528e-02,-1.958277256258925125e-03,-8.487736693262873389e-03
4.783505008749733278e-02,2.243389296348555217e-02,2.073482140923540995e-02,-3.578515532442371611e-02,4.412647464438770872e-03
-8.014157650123546195e-03,-5.914973573190165923e-03,-3.921191886050165443e-02,4.243338784960935806e-02,-3.232553426402956509e-02
2.914703008363193903e-02,-1.152404391544985252e-02,-1.898166095141252951e-02,4.182729795376370630e-02,2.747035816670531649e-03
3.619567151255320692e-02,-3.248222625735702751e-02,1.713543009857154686e-03,2.821147262267256761e-02,-4.354388963971279891e-02
-4.326181556909656362e-02,-4.520925620810477968e-02,4.772325389867487777e-02,-2.156175554987930371e-02,2.254333998113815241e-02
2.557912697680163328e-02,4.311194576746153750e-02,-2.842152961382152926e-02,-3.385400714028206220e-02,-2.761666649476244434e-02
-9.590974974823564259e-03,-2.748679255528069243e-02,4.607089003685428674e-03,4.705339365691078857e-02,4.501998997151535065e-02
3.310286965234048029e-02,-2.877140528209416043e-02,-2.579219301532763298e-02,-3.124843433193394415e-02,-4.630571546889455936e-02
4.234451698695628624e-02,-1.927688425359084037e-02,3.539682174768923884e-02,-1.374564819058106055e-02,2.767766302890621588e-02
-1.394390439591693467e-02,-4.217407995402463333e-02,-1.550671873824841993e-02,-8.087496983316513899e-02,1.538612094290828236e-02
-4.948653064042887045e-02,-2.620108129577925285e-02,-3.724209920583938793e-02,-9.162370510219951247e-02,4.976650314476470383e-02
-3.944458019189945458e-02,1.411867095998516237e-02,-3.174010120554079939e-02,-1.409075093290764746e-01,3.790476366456220492e-03
9.609957078216685433e-01,9.009765844691961512e-01,6.275514712116051497e-01,4.207474506367042677e-01,4.596896851815121532e-02
3.959977923320466431e+01,4.266193896334806368e+01,2.727459942362532885e+01,4.524713228693189393e+01,7.367546306503790221e-03
1.281857751283570224e+02,1.490281236017185051e+02,9.274501167082317465e+01,1.351873506755710537e+02,-2.473400593149002388e-02
1.491889295541971308e+02,1.638943406669670821e+02,1.056870989676986881e+02,1.320774597570316757e+02,6.154237427234234004e-03
1.330932506390636831e+02,1.243180419519331821e+02,8.761008985878017086e+01,9.915908165413290476e+01,2.717456852695783465e-02
1.330780034455034979e+02,1.243249998686639799e+02,8.764139950882379537e+01,9.839624198895107554e+01,1.926470647413824899e-02
1.102622447115691671e+02,1.014118885162660604e+02,7.206709005694960979e+01,7.389618429121621546e+01,-3.470839246064122419e-02
3.216086058427720928e+01,2.903994290225013941e+01,2.095510887355979435e+01,1.839007448646331611e+01,3.348305807467805151e-02
1.020734463324940222e+00,8.470544406822505534e-01,6.836680189802762930e-01,5.616341227872011510e-01,-3.351836785450490463e-02
-1.229077872740160123e-02,7.489448408801964614e-03,3.218439622078271296e-03,3.381550501051414775e-02,2.051525985619506720e-02
-2.417659694783754615e-02,2.062238716128785357e-02,1.965620180444863085e-02,-5.226628894322646844e-03,2.882561139329174738e-02
2.760661996308165500e-03,2.891817553958897502e-03,-1.200893814471166998e-02,6.484077764498066832e-03,-2.007455109090068579e-02
4.881173847826321410e-02,-4.553814423767236358e-02,-1.362784629604629760e-02,-2.825519416394302319e-02,-3.051783557212968401e-02
9.917858921009457818e-03,7.987715433737802018e-04,-3.881574432953849296e-02,2.535372897003912440e-02,4.196559521487638889e-02
-1.949939241776743604e-02,1.307798139610125143e-02,2.183472587476290028e-02,4.500442724974555719e-02,-4.679638076656746082e-02
1.446823273564512569e-02,1.841909034194658124e-02,1.124089282197340139e-02,2.022926702192365256e-02,-1.628704642867236790e-02
-1.641009304567360438e-02,4.466680975240021334e-02,3.308832059541512438e-02,5.746936965463633751e-03,2.581246295274923497e-02
-4.590454008961993015e-02,1.171037161728595566e-02,3.049209356499348045e-03,-2.384764795799576564e-02,2.931971487118066599e-03
4.005742624507739602e-02,-3.073010903301322261e-02,4.074273116558062291e-02,-3.083066080942629961e-03,-3.350021203213472687e-02
3.778521612433384524e-02,3.139293768550781294e-02,-2.965768550107121884e-02,7.764590557545039684e-03,3.480672415486461835e-02
-4.316098483369792960e-03,1.742683833653638215e-02,-3.146304303999645363e-02,-2.300052451104237644e-02,4.878321572029784003e-02
-2.219635302357289564e-03,-5.114663135420152718e-03,-2.846865951386279292e-02,1.892371378205866261e-02,-2.520893974580480645e-02
4.044586934899060959e-02,-1.737008068864773214e-03,-1.023343682192309062e-02,4.032797974549975906e-02,6.967736801946997072e-03
2.867616653856244757e-02,4.400902255552442688e-02,3.758432696958781405e-03,-1.793571306957918859e-02,4.956475067781450361e-02
1.363364995281094068e-02,-3.856225321563336306e-02,-4.827000573161366326e-02,4.035567203120008113e-03,-2.925541751852402117e-02
1.574098023624075776e-02,-2.689626954873327192e-03,-4.468619129321742961e-02,-1.483180626715842332e-02,-3.383180738954775363e-02
-1.121675898180119835e-03,1.417824268793091078e-02,-5.126124189239478907e-02,-1.080848110274520990e-01,3.343388959374858638e-02
4.303483063047434942e-02,5.044611074667128443e-03,-5.129565082424356048e-02,-1.057227441818965885e-01,3.527584050975410279e-02
-3.288004529742540732e-02,-9.518476468387791767e-03,-5.268774628248180242e-02,-5.897639009882692934e-02,4.903217893558672880e-03
9.297657478282223664e+00,2.382320042548503025e+01,1.097921476791418804e+01,2.016321069774753383e+01,-1.317991254820551073e-03
1.718348903573215480e+01,4.392708219867044050e+01,2.022166324313254648e+01,3.808789964755987256e+01,7.434172733587637860e-03
1.010510045851051864e+01,2.589786383599363617e+01,1.187649602038847618e+01,2.313788130520014974e+01,-4.795433979405289149e-02
1.321447696421825489e-02,1.563467283696851895e-01,2.378137343261701835e-03,8.765668609824323054e-01,-4.072789140005810687e-02
2.768311862756143646e-02,-1.814001351636782347e-02,3.451175255459996982e-02,-2.567170316639147409e-02,-8.081376190871257525e-03
4.753966807564256880e-02,-4.263281588179615444e-02,-2.278674391943751737e-02,-2.543719260778544650e-04,3.212064585158684593e-02
-1.296441253163634066e-02,-3.345867819142148841e-02,-2.288026964754933529e-02,1.188969509129823160e-03,4.592369506124592549e-02
1.643234329730609844e-02,-1.550923401257573928e-02,-7.793567420078007478e-03,-1.997621456016001121e-02,-4.349333137877101074e-02
1.148046589350487125e-02,4.818253258096252822e-02,4.041847692121068591e-02,1.204264708847186706e-02,1.505885111423806155e-02
8.026358550798043390e-03,5.519696277116251104e-03,-2.380049110789836039e-02,-4.743041648191102105e-02,4.369643492101425719e-02
-4.919555006785496926e-02,4.560651266541496107e-03,1.282626075145197608e-02,-1.949351070271697697e-02,3.935525570366586734e-02
1.649777990483693169e-03,4.067779405381725943e-02,3.464560423881023199e-02,-1.358168945052362631e-03,4.853725756773456801e-02
1.804892539678196184e-02,-2.765738325802988978e-02,4.973511905963128032e-02,8.299605122972231186e-03,-1.589787417232312733e-02
-1.100824026279886153e-02,-5.076457927884123200e-03,6.710739597939011092e-03,1.495763749565837131e-03,-4.741522157965655238e-02
4.091661136716848168e-02,-3.407066930513916181e-02,-3.607939080391883713e-02,1.972561432115473024e-03,-5.323586000996249901e-03
3.250229734383996982e-02,3.225952225127612372e-02,8.270014663765992702e-03,-4.249756556612818703e-03,2.535917878643728640e-02
-4.225728418573261591e-02,4.324461695583387000e-02,-3.931280660820916234e-02,-2.971733555449708464e-02,4.193390500382362940e-02
-4.268725012241262468e-02,-2.393283728076034400e-02,1.131737125326343074e-02,1.810837893544881005e-02,4.228903036811686167e-02
-1.373588005531124756e-02,-3.646454935058075775e-02,4.397730590656340199e-02,2.407133242424809583e-02,1.210767744489234937e-02
2.456790083401691471e-02,4.279426020367824157e-02,4.269702187582138930e-02,3.362288390349553457e-02,1.537732717474850352e-03
-2.106326104417203388e-02,1.062588137334065375e-02,-4.316828904082911644e-02,4.189155799409118031e-02,4.157277077194679316e-02
1.917103393581406912e-02,3.692046745591236190e-02,-3.044319147876113629e-02,-9.680538481599207379e-04,-1.679724323402508740e-02
-3.742223316482706785e-02,-4.000493516208583622e-02,9.501063916874649684e-03,9.764636274911871194e-03,4.545049355568021865e-02
4.126265907914936082e-02,1.969693273854462509e-02,-1.684388347222781288e-02,-1.055469071424117167e-02,9.297385244058528619e-03
-2.331112657434790056e-02,-4.061607184136671600e-02,-2.547559381637149248e-02,-2.053206835138672234e-02,1.516339017211314200e-02
-4.864192175384958461e-02,-4.333573720814247465e-02,-3.006750400396904221e-02,-7.107259739495937201e-02,3.248729568643664301e-02
8.770010238598325084e-03,-2.390656494469635060e-02,-4.463347270194177596e-02,-1.078011717686297444e-01,3.403592446186819165e-02
-3.341672585225061165e-02,3.669712006967933149e-02,9.971606278746644736e-03,-2.414030138653478971e-02,-2.252707033026999511e-02
8.110036148695110469e+00,2.066092591332153816e+01,9.554902236869097010e+00,1.742823368828609532e+01,-4.779315025795913274e-02
1.639994492800752113e+01,4.205140430598641643e+01,1.937125176193055154e+01,3.539599511453456415e+01,-1.617120805181039567e-03
2.521565481142988840e+00,6.395532963723349340e+00,2.918205242629926310e+00,5.411401960514491627e+00,-2.559731800827347303e-02
-7.788687086251758207e-03,2.651947666777429435e-02,6.455168041280968938e-03,3.941221365638179763e-02,4.771558106447193470e-03
-4.205968581724500027e-02,-9.840125992903708818e-03,-1.420793036314024760e-02,-1.543283239164443266e-02,4.239775771763636125e-02
-3.474227590404763144e-02,-3.613326190593874748e-02,4.424949436348107890e-02,2.128539431255230957e-02,-4.435586884642639394e-02
4.592546845130517086e-02,-2.729533328354433186e-02,3.647937511530417731e-02,4.695810121957515182e-02,3.394008854839741796e-02
1.663067953376083652e-02,-9.782309997001678581e-03,-3.157956211930522394e-02,-1.732550127596967776e-02,-4.710004409868970982e-02
-2.458230653169495364e-02,4.573615687812247754e-02,4.587094955652366857e-02,4.824280596675442623e-02,2.023316933633464987e-02
-4.383042527825437018e-02,2.694027080669327001e-02,-3.781753715878310301e-02,-2.776462356624708264e-02,-2.026281894660285701e-02
-2.963953455208806487e-02,1.425979068481243728e-02,4.360367785969286591e-03,1.864113105581732821e-02,4.326517380766252419e-02
-3.906259662418402195e-02,-3.552287621030478237e-02,1.960934665066391136e-02,-9.926492870195993690e-03,-2.459743843409491204e-02
-4.473547753745524269e-02,-4.263814774301474819e-04,-4.173042586038336332e-02,1.045968118828175669e-02,4.503056050611073391e-02
-2.805734760930827035e-02,-2.153883565094496730e-02,-2.692855849083725106e-02,1.231694385026425864e-02,2.321546409792987764e-02
9.028293441111501227e-03,-4.906636411761512717e-03,-2.470435475460959485e-02,3.238572605545463057e-02,1.547092680719236446e-02
2.630344717065995208e-02,-3.835650117839810996e-02,8.642167953942549163e-03,-9.507705722585926833e-03,2.043742979723514597e-02
3.551683784661445464e-02,1.301135085446494810e-02,4.124202315837237343e-02,2.571355610713500772e-02,1.513192657271590635e-02
-3.828725356825940507e-02,-4.564785310289777576e-02,-4.852295655503002791e-02,-2.022444448070288836e-02,1.964533419162244055e-02
-1.942234589011090917e-03,1.762802691557263657e-02,2.188844521815576372e-02,-4.768413320816324019e-02,-4.053957187083894603e-02
9.629372385315665417e-04,-2.582276510436203390e-02,-3.089183184185194733e-02,5.790045910572659549e-03,3.096059913510969264e-02
-6.175502138744994041e-03,-3.112071692927154132e-03,-1.982492201599446446e-02,-2.302638396817914546e-02,-4.647345022702668166e-02
1.032917997834212342e-03,3.789682926591174394e-03,-1.224070948557078042e-02,-3.925821418812435598e-02,-1.690367903549497980e-02
-4.510625219425551391e-02,-4.585465961053611372e-02,-1.669928901436969204e-02,2.343473755039283957e-02,-3.631803799806324062e-02
-4.295435181865654706e-02,-3.641876407521668635e-02,1.703995136751440542e-02,3.629561706669881538e-02,-2.282436195809537521e-02
-1.934779990904104269e-02,2.476578112203906001e-02,3.222312322822291908e-02,1.050824726412722537e-02,3.581491715873921788e-03
4.673376043831001247e-02,2.187776201451620273e-02,-4.578729059422164543e-02,-2.206886469363497638e-03,1.208949397108054213e-02
2.633945104202919940e-02,-3.116476549236589857e-02,4.515092201937215277e-02,-3.245187090664775065e-02,2.568955662303500087e-02
-3.393222364870628061e-02,3.944016957559452752e-02,2.637997031012265237e-02,4.195266425202011373e-02,-3.882548416046719547e-02
-1.361145170555271705e-02,1.581323744786820862e-02,2.715606201787933160e-02,-5.626331228075334701e-03,4.159824113006148349e-02
-1.693916577419695563e-02,4.384732430797209923e-02,2.654878395647215783e-02,-1.703328004231931259e-02,-1.291823926336253120e-02
-2.465744988179873268e-02,5.702666932033043090e-03,-2.312907535883274024e-02,4.580916941482870985e-02,1.470172471786747315e-03
1.195379592777410377e-02,2.733090861113847414e-02,4.103742155449631446e-02,4.912783606247067558e-02,3.661529971817960305e-02
4.804520044437862736e-03,-1.974760539655805516e-02,-1.616388157660927222e-02,2.633594035814994239e-02,-3.061295206064719443e-02
3.193333037362391935e-02,-2.527875590004542705e-02,-1.797067985132041329e-02,2.550351221176719307e-02,2.619197476188799001e-02
4.451411953908394892e-02,3.895976175187831902e-02,-2.998372532820270386e-02,9.517763863548377168e-03,-8.686339183390193175e-03
3.043226041354864242e-02,1.106366793203333865e-02,-3.491948817152351614e-02,9.160909876684122932e-03,4.904136772812936473e-02
4.241565840765679218e-02,4.987930800088173633e-02,-1.820139749114189215e-02,-2.668269495953536075e-03,1.199642802051391344e-02
-1.644536199863716464e-02,-1.664973786364679770e-02,9.458300236546680895e-03,-6.695234960389220835e-03,-1.185544351529420337e-02
-1.656846733915367381e-02,2.798449704819720718e-02,-3.843682678908602601e-02,6.389299555549711462e-03,-1.771457895742837435e-02
-1.853515319748633150e-02,-4.927195936024166001e-02,3.593313008457575675e-03,2.805622951572646351e-02,4.891267109532554391e-02
-3.253129575355610120e-02,-1.852646890140476760e-02,4.115894805547914981e-02,3.136917107604553223e-04,-3.734490334847309634e-02
3.960408637652126917e-02,4.858088828305484608e-02,2.600107304070996272e-02,6.580767535519026212e-03,-2.821515331139272734e-02
-3.660626091920132774e-02,-1.897855106246863072e-02,-1.817978669250471663e-02,-3.853724341331604686e-02,-2.446068227988268395e-02
3.810887002945134716e-02,-4.126854753877223780e-02,-3.681601230367424066e-02,3.642355849536538237e-03,-2.121440191035883771e-03
4.327521854763204487e+02,3.715129592539673808e+02,3.580550785590735927e+02,2.748501132473281814e+02,-3.958585253165907564e-02
