1.025239037269297382e-02,-4.710288717158028077e-02,-1.625196754169424412e-02,1.785630730547450862e-02,-4.891480214113524960e-02
-2.548679081473861560e-02,-8.326022134965894994e-03,-2.442323173943469414e-02,-2.680108659294890006e-02,8.302019555487850921e-03
3.238759570268909260e-02,2.025321517914478731e-03,1.503268120059880752e-02,-4.960847861403151760e-02,-3.711954538403016562e-02
-4.052462755926675153e-03,-1.364845393902913012e-02,3.520832483152463999e-02,-3.026985630669992711e-02,1.954335850148850029e-02
-9.934393745122858943e-03,1.065336129051065728e-02,-3.895668972539630126e-02,-4.487192677667156682e-02,-3.707405254296136654e-03
4.903011754924337107e-03,-4.598071248197034555e-03,-4.005724923998449372e-04,-6.678343323779686869e-03,1.844127988428709286e-02
1.919655883170069688e-02,4.452962801467839904e-02,2.853646741567369971e-02,4.990057950079351823e-02,-3.267545902491343635e-02
4.272094199601270126e-04,-3.388969552715283273e-02,-1.249052166954844889e-02,3.009302089313030393e-02,2.244611800718480932e-02
3.618300877286838302e-03,6.387355577038345000e-03,-2.300371449614646568e-03,-3.883202923598031570e-02,-4.256726037400241497e-02
2.082294007020793480e-02,-2.955471583751610731e-03,2.897348914165130684e-02,2.880220867230771919e-02,-4.681084909386802606e-02
2.269337127668626108e-02,8.426605618509039330e-03,4.897545613699141875e-02,4.293527919298600892e-02,-1.504941771324010830e-02
-3.037039032201954702e-02,-3.659847629505319500e-02,4.658809185233275807e-02,-4.447986729528950051e-02,-2.020372757755175760e-02
2.326896698004393693e-02,3.284223088560249415e-02,-2.390520449872511957e-02,-1.498974201605764167e-02,-2.155634165606097608e-02
-6.931307778024073385e-03,4.769877210047673843e-02,-3.764427036618946121e-02,-3.371893016717983360e-02,-1.503446178471201655e-02
1.825488822989093651e-03,4.654633824015448618e-02,-1.678090247893342796e-02,1.676188548927967648e-02,4.177844308657641115e-03
3.306630502307995878e-02,4.393674304588847390e-03,-3.553283549949503434e-02,2.696971369222821158e-02,-4.347199900941395301e-02
-2.327650919491271175e-02,3.272173566697104963e-02,-1.077610920182964227e-02,-4.766124411968067354e-02,-2.222403604820553241e-02
7.825954150358457873e-03,-2.001075449424507754e-02,-1.003136994550476307e-02,-3.427377290951383326e-03,-1.941287796949721367e-02
-4.108655602215983971e-02,7.751296451328562598e-03,-2.022212675522265871e-02,4.436409304822827582e-02,-3.804469987301606348e-03
3.273055167435966195e-02,-3.013758108771111971e-02,1.228236866372160035e-02,4.138475963485759024e-02,-1.557385483450592079e-02
-3.762755181348740458e-02,-1.438259021770279394e-02,6.879309057625182522e-03,4.147788922953693502e-02,3.013758605348025588e-02
4.146546707331362491e-02,7.542465012606844321e-03,-3.825825330018968462e-02,3.729486669440068569e-02,3.860999256170305483e-02
-4.348084710597504426e-02,9.338906396544034705e-03,-4.868849529544875404e-02,4.824475128626486142e-02,1.473476734066850313e-02
1.087602860603251870e-02,-5.886660092543558043e-03,2.239350463766527632e-02,1.884591505553326329e-03,5.117741963477917544e-03
4.792681773767519526e-02,-1.147729364408808794e-03,-4.685195604342540232e-02,3.121762556590887416e-02,-1.147607406728120422e-02
-4.432222795182827468e-02,-2.071896015830458973e-02,-3.622167284294162265e-02,-3.462540775324837727e-02,-2.216161243807530934e-02
-1.240579594981858907e-02,4.665613732999271401e-02,-3.295363676527555269e-02,-1.387709293260709631e-02,-4.831542819027265234e-02
4.198636381002734952e-02,-1.298378151493452537e-02,-7.465443426921583581e-03,-4.567141268334315440e-02,4.730504641215743655e-02
3.759389804952960323e-02,4.409379104281081763e-02,4.190442559042187320e-02,-4.959597301075122783e-02,4.124613060458720559e-02
3.424960431279222561e-02,4.372435014874752335e-02,3.340582625332798317e-02,-4.632083865771841058e-02,-4.052102964886170750e-02
1.023822754747387431e-02,2.855511780596046989e-02,1.276781313844158050e-02,-4.823889938362862367e-02,-1.108565295294720865e-02
-3.546099848657412873e-02,3.487679544900627870e-02,3.617342999939371362e-02,3.520250780001173141e-02,-2.751156620592572211e-02
3.047334971972220918e-02,7.986599392317973722e-03,-1.894103550507081346e-02,-3.870926245770579810e-02,4.501542740652984820e-02
1.791129371118138636e-04,-2.629762270416889994e-02,4.417471798073366318e-02,3.050009132901528031e-02,3.946776043610365770e-02
-3.801906817028155583e-02,8.648271407002916522e-03,3.390765368544695901e-02,-1.143038143813156216e-02,-2.581969392532416224e-02
4.991280123597018059e-02,2.351018687468922619e-02,4.008569688710798828e-02,-2.335948907845512151e-02,4.828891965044546097e-03
-3.170325310850877210e-02,4.505252245265452260e-02,2.789144630729098462e-02,-3.435275256780193770e-02,8.550430559063050551e-03
-1.146517791195912628e-02,3.703126806620662959e-02,1.143595338553037022e-02,2.294520120874013469e-02,1.008153902697624116e-02
-8.475615639265424162e-03,4.053419698747451339e-03,-2.565546814287746058e-02,-2.552699269865517373e-02,-3.266024648277171538e-02
3.802463891400867380e-02,-4.983223009628580391e-02,4.099374896432232684e-02,4.987434965923032149e-02,1.646881179439493859e-02
-1.991857573114578367e-02,-2.575055199427457586e-02,4.373470202689710984e-02,-1.265459270825643190e-02,-1.761759421190439018e-02
-2.944835123160588486e-02,1.949624456659936056e-02,-4.849196025114552860e-02,4.515533643736437119e-02,6.607719197800454580e-03
-3.815323649930645739e-02,3.617041317777566767e-02,-4.233759541429073237e-02,2.036773747171115312e-03,4.037006061224515663e-02
3.589130356336149574e-02,-4.517282289729296352e-02,-2.105076248386530610e-02,-2.329494185326693931e-02,-3.708918079056502948e-02
2.358337803314813907e-02,6.859079167525351794e-03,-3.733531166798034762e-02,4.756881210747508637e-02,-1.307739379031738758e-03
-4.493727211607589228e-02,-1.902136176444592375e-02,3.975465068224340315e-02,-1.808806385937847261e-03,-5.830678942614339610e-03
2.059622503596407472e-02,3.450696393615529378e-02,1.819625099653844613e-02,-2.300051937186872383e-02,-1.882405355657124080e-02
-1.520077074683188340e-02,-1.505176190985654111e-02,3.255329731669778792e-02,-4.087651584915522052e-02,2.700036405885779256e-02
3.857712863033649353e-02,1.296482050216367365e-02,4.750734928100501520e-02,2.232704691997706992e-02,4.921269082319733312e-02
-4.337542338744944381e-02,1.139239053264849005e-02,-1.128264039964941429e-02,3.588242544852821014e-02,-4.845397767880364748e-03
-3.848364014266748845e-02,2.585278316673084165e-02,-3.013624063022232735e-03,-4.394280540739680524e-02,-2.941033465913161019e-02
4.352721159107572624e-02,4.569595750344601637e-03,2.987041679117155568e-02,4.632493967799718171e-02,-7.254849193893617154e-03
-4.751122336493204812e-02,-1.083259443330361615e-03,-3.482274445605459956e-02,4.720994071106783541e-02,7.396746481043672827e-03
2.381117731511936397e-03,4.824214711000210376e-03,2.432046905435114592e-02,2.031623913327686159e-02,-3.016621029039461346e-02
-2.749137388401119708e-02,-1.931047125002856302e-02,-1.665810912778604991e-02,-2.241061508736563734e-02,1.690784472115677839e-02
1.336695177021181291e-02,-1.594313946818370215e-02,4.381048622598983366e-02,-3.163705517812540058e-02,1.175096173435492830e-02
8.656069079455208648e-03,-8.548997210005016001e-03,2.263774943673116380e-02,3.335980527315493549e-02,-3.420431873023138669e-02
3.138944805258607473e-02,-3.671820932102590196e-02,2.694371533274547703e-02,-3.503640665873346965e-02,-4.545510552828866541e-02
-2.855139659322946180e-02,-4.861515902782958393e-02,-2.120267709349410445e-02,-9.612427895930010513e-03,-1.778676153384339126e-02
-1.999990480411830904e-02,3.841582720598145373e-02,-2.128246908515487798e-02,-1.488271063469683020e-02,3.991298070852164481e-02
-3.393046017357318617e-02,-3.612424809431418610e-02,2.332407137940016584e-02,3.314374952934094620e-02,3.230667742492562833e-02
4.461611108375656415e-02,-1.920124935909978819e-02,5.306414785639739645e-03,-1.511613155633919833e-02,-3.548674163331277942e-02
-2.866744666132066410e-02,4.929041962335811711e-02,3.559164681759250520e-02,-8.973473444952222242e-04,-4.655677938695632068e-02
-1.627557235157443827e-02,-3.347089521950651070e-02,-1.735140474005062577e-02,-4.473826768068769888e-02,2.534447845592137372e-02
-2.988572282357543353e-02,-4.612426630331827732e-02,2.146940496248182784e-02,3.802534054397009589e-02,9.144929695161160832e-03
2.323337723054142573e-02,-1.224296273930377925e-02,-4.775825475389177711e-03,1.601141787552038884e-02,4.007377721872763809e-02
-2.210671755503423874e-02,1.435037582121422191e-02,-3.819848307569177759e-02,-2.786284763940434506e-02,-1.402842791283889085e-02
8.654634890759296817e-02,1.495762437193569631e-03,7.820068508481704816e-02,-1.576336992427927047e-02,-3.365569370965497409e-02
1.417920049181141395e-01,4.483356540159583875e-02,1.525941686969451427e-01,9.931462547723722556e-02,-2.029905410499467655e-02
4.027572878497166775e-02,2.670997773083338619e-02,4.334915504753815430e-02,5.383191889420188558e-02,9.795501503100559337e-03
8.672664267672181015e-02,5.942656152941460518e-02,9.646941767542696611e-02,2.535153704268454811e-03,3.250941457160341774e-02
2.492593252873503140e-01,1.571120309673781357e-01,2.991885655929301668e-01,1.513428536952939607e-01,2.187578222719852028e-03
6.059358742710688750e-01,7.331076507054982150e-01,4.577052378959812762e-01,7.323829655172084951e-01,1.989943632344796931e-02
8.341802512777436451e-01,1.241344330451496614e+00,7.051749363297334927e-01,1.188973329819570379e+00,4.582798602514263908e-02
7.850675451146112982e-01,1.174693291851850896e+00,6.397183993044959216e-01,1.116536902377884832e+00,1.275266362460861225e-02
5.139280019272004368e-02,1.207229116981696215e-01,4.372144996424713603e-02,8.181228328377185277e-02,-3.491921669225677566e-02
1.685553592291867686e-02,2.450964881884611091e-02,4.157363104306339985e-02,-2.885371751503203186e-02,1.584818616656091805e-02
4.273703689515578885e-02,-1.443612838298996559e-02,5.463640667957778141e-03,4.385908396554059896e-02,-4.961289197227639752e-02
4.137898362115148554e-02,4.177238138691306835e-02,-3.120519576278556542e-02,-4.515348775522190494e-02,-3.643580827242733078e-03
1.014281408222683645e-02,-2.219614332842398050e-02,3.200139411682979829e-02,4.552642854012403650e-02,3.881623056948582673e-02
-4.142528192272970644e-02,-4.885317253177132168e-02,-1.029167870968641235e-02,2.212712074728369338e-02,5.452421170479823664e-03
-3.209202837174553180e-02,-1.563763478111233896e-03,1.676445348219615661e-02,1.370709333179548350e-02,2.327606991861046193e-02
-1.591795643290287027e-02,-6.364949037188073755e-03,9.065364667234718232e-04,-1.699773972056291271e-02,4.479457247685482424e-02
3.795919091711318083e-02,1.564308911540041036e-02,1.348455105995388648e-02,4.116749283285998928e-02,4.311999835500179845e-03
4.187655326728087490e-03,-6.750721099043878459e-03,4.200548914427480740e-02,4.664935486058217895e-02,-2.131448044838647748e-02
-1.480088484104338103e-02,1.726637173837870798e-02,-3.994906998055357955e-02,4.585939932537923258e-02,4.896029034333233831e-02
-4.493234103511439120e-02,8.665540843959582129e-03,-4.588566097471098726e-02,3.565931241809638941e-02,2.430871439284795765e-02
1.482029661963653322e-02,-2.010766275297948269e-03,-2.964252560539487602e-02,3.968423304951779196e-02,-9.240898237625680411e-03
4.867500925539054724e-02,3.910616098927315043e-02,1.085622990148142619e-02,-1.906300036827529576e-02,-1.665503622904174197e-02
-3.630885412239236859e-02,4.573209069249759007e-02,-7.773535639032849894e-03,3.869496262798940295e-02,1.671235870907086807e-02
-7.404702379823260502e-03,-2.205510900074534805e-02,4.920896280565011105e-02,5.063322416079323735e-02,-4.327722751186050681e-02
1.103964226875287467e-02,3.481587398925294757e-02,1.649054505548218710e-02,-1.208466444271401319e-02,-1.604615627093739644e-02
1.471709876097533273e-02,2.022160589733580996e-02,8.923989839659087278e-03,3.892568841767803794e-02,-2.489524918242326523e-02
4.704172477756447118e-02,2.461263768401908761e-02,-4.740150949547518137e-03,1.824271367022698223e-02,-1.824262665526587418e-02
7.697735755969468130e-01,8.441703933357040945e-01,5.404284504772018938e-01,8.825515927691940377e-01,-1.392663885632649395e-02
1.592314254423386810e+00,2.236839787983777583e+00,9.426384888816440322e-01,2.293956465486370444e+00,-3.541130370781336162e-02
1.964655725915229523e+00,2.857608813922081215e+00,1.128638438530474630e+00,2.934854774495190721e+00,-2.010534805577753048e-02
1.610188516822671723e+00,2.321785409899696173e+00,8.655668909013150003e-01,2.385620729796543049e+00,2.055595907359777930e-02
9.006166574040829209e-01,1.374406733321063223e+00,6.951292209869653904e-01,1.379195667738588815e+00,6.329924132434397444e-03
1.440718124514932530e+00,1.943255444852652003e+00,1.207794807654410274e+00,1.961836786298024160e+00,-1.003749684447141632e-02
1.452503085255782533e+00,1.752579952707072897e+00,1.270609526961329561e+00,1.755992082627495510e+00,-1.234667588602557375e-02
1.631927258327581232e+00,2.046990023638189271e+00,1.373416357430541357e+00,2.180134922970125455e+00,-1.571999887563224618e-02
1.246564603493375722e+00,1.512537230688926870e+00,9.668258511801399724e-01,1.699547139618521774e+00,5.056928795577043945e-03
8.366618237406009406e-01,9.970592330399828951e-01,6.394485906075834114e-01,1.152363160100273065e+00,-1.015281203061050436e-02
-4.584681708730457828e-02,1.585043032554019418e-02,4.602069520528011964e-02,-2.708876649141146731e-02,-2.585498679042298742e-02
-2.647126686823841890e-02,3.895096145706933993e-02,-4.424169361939812861e-02,-1.666505362548757405e-02,3.743536066966139664e-02
-4.506939354102275364e-02,-3.628335054166853535e-02,4.184817624110792611e-02,8.283223090730505722e-03,8.401628953929485277e-03
3.857651230666546416e-02,-3.891786449876946663e-02,-7.674692436896016212e-03,-9.552230739383979485e-03,-3.940251000981540019e-02
7.288455370901003594e-03,1.146456376189264326e-02,-3.688468901520073479e-02,3.282813510472908092e-02,2.649011751341059928e-02
3.908233808409475318e-03,-1.579542292274504350e-02,-4.304784131405391817e-02,-3.129034686670502385e-02,-4.917908179647995093e-02
9.902401458089557518e-03,4.906394425992818831e-02,-4.462202599743490122e-02,-2.488217842725061468e-02,8.583575070709406618e-03
-3.948841004103617602e-02,3.731388523949609459e-02,2.278577108366758308e-02,1.753863674568865993e-02,-1.730447691003814820e-02
1.108263535121722931e-04,-3.897799948257088531e-02,-1.201365841175588978e-02,4.742796762640923147e-02,-2.061481896634086500e-02
-3.468042429180143160e-02,-3.473868148541611744e-02,-4.432562322363534091e-02,2.746188519696547703e-02,-4.514181130568363509e-02
-4.710840172072355142e-02,-1.770469683079866491e-02,1.112035337976043786e-02,1.422218080661974415e-02,7.245169855589685126e-03
2.876330695249681990e-02,7.559392649931787056e-03,4.907711215254337289e-02,-2.940901275215726182e-02,1.934721394295138563e-02
-1.907573317098792964e-02,1.900182480122590209e-02,1.817134575553106673e-02,-4.230231217280104594e-02,-1.432223653304803140e-02
3.607596559077947546e-02,-3.868213449445626062e-02,2.324600672795541431e-02,5.440482113150200971e-03,-2.362908500480945251e-04
-1.576370541836400255e-02,7.818148636723089642e-03,4.806882655783013825e-02,8.461034204864954084e-03,-3.290298090457731417e-02
2.792184471537826479e-02,-2.954234320720545287e-02,-1.464528731297341617e-02,1.214284288968214137e-02,-1.325549006978496425e-03
-1.900351826549699988e-02,3.723684207300615584e-03,-2.324297352495664076e-02,3.337622811030625802e-02,2.234751134115582627e-02
5.626263441920317104e-02,5.301512265199551793e-02,4.459119388396161343e-02,-2.289688233632945769e-02,-4.027755717617723802e-02
9.690167073664893715e-01,9.545503508293005090e-01,6.796215148725097688e-01,1.049692119066442109e+00,3.389069752995819973e-02
1.412757887665314627e+00,1.773479688809285637e+00,8.882671629849513417e-01,1.865761991391127639e+00,4.962506750177189674e-04
2.204993372358435177e+00,2.766642555511101609e+00,1.523840876401108879e+00,2.995819633620215861e+00,-9.703226006691198502e-03
3.011644194390807883e+00,3.437674900849486015e+00,2.449456905213440727e+00,3.847907020843174042e+00,-1.960986569858282069e-02
3.638776816732472330e+00,4.699453584011264340e+00,3.303413639979737138e+00,4.686620837735330447e+00,-8.983798940993846516e-03
5.569370476780950874e+00,7.028580307947073891e+00,5.023594805217514114e+00,7.349411293164451742e+00,-4.191065717718089889e-02
5.843123390873729228e+00,7.323756284486192314e+00,5.278272572274260277e+00,7.788115199065198446e+00,-2.555509886831141067e-02
5.376667536736390751e+00,6.475005120697116645e+00,5.153966669433203585e+00,6.982491125513925923e+00,2.971438639310104712e-02
4.613413407910564423e+00,5.446958815688361710e+00,4.286881633527701574e+00,5.501278449104365365e+00,9.307411860090687716e-03
3.541993333402363664e+00,4.179976830223143480e+00,3.103904339177766758e+00,4.029253713398919245e+00,-1.848599269548584223e-02
1.445877868179087589e+00,1.612264522982894466e+00,1.212985989795094088e+00,1.404374112509364059e+00,-4.985480280031025224e-02
1.092779126916520793e+00,1.453628181420113297e+00,9.284555413612668451e-01,1.326823698255878536e+00,3.015504287705875197e-02
1.166593930600942297e+00,1.580674599366344912e+00,9.419697239219114726e-01,1.380773748629655184e+00,2.903004460907784856e-03
1.193640317788304817e+00,1.620264196636453047e+00,9.398750931916954876e-01,1.332029639524724196e+00,3.554097307185520582e-02
8.870147687728473507e-01,1.155513435665458388e+00,7.442282482706522595e-01,1.067072664405231519e+00,1.013622527587532129e-02
-3.684622614554877024e-02,-4.866834117552258643e-02,-2.667180380870428497e-02,-1.077519659638826767e-02,4.151431063148154632e-02
-3.512326216246886013e-02,-1.817234372027598521e-02,-4.291496968757314845e-02,-1.055936680527190530e-03,-4.922944973061434137e-02
3.055708459300850166e-02,1.764321046836252183e-02,-1.415848018641274048e-02,4.797691958393002221e-02,-2.879379053378414155e-04
7.146006048992500914e-03,2.605499291560911534e-03,7.219414900443282823e-04,4.157672215496818757e-02,-1.278987794271228134e-02
-4.832046682692369560e-02,-1.474547332404183703e-02,2.952969972976976498e-02,-4.885013440287171854e-02,3.250876757891742186e-02
-1.014205432486024738e-02,-3.847894479712913457e-02,-3.596464707279589668e-03,-6.442788021411127719e-03,2.052929440229944724e-04
-2.603534946184949198e-02,2.802828976593750576e-02,3.553076614948481871e-02,5.992259109554564853e-03,-1.418915861727950561e-02
3.468372495213403739e-02,2.110991630291961241e-02,2.147451002069285936e-02,-1.807016769519706120e-02,-3.792342168555207227e-02
3.841733386724276167e-02,4.211107884573345866e-02,-4.503973461205137974e-02,4.497483207168734981e-02,-8.269423302661838004e-03
9.008258131208352060e-02,1.242790788407309860e-01,1.004419058986485425e-01,1.197794235724628370e-01,2.071123176069192273e-02
8.825763608283023753e-01,6.416766993077034353e-01,6.554901894328304390e-01,7.851444320092887397e-01,3.314316904299595412e-02
1.190519344955530023e+00,7.840328953445192539e-01,8.268296302433725264e-01,1.023823713256422963e+00,4.047021797398928089e-02
1.485050759586219460e+00,1.200402714755808953e+00,1.180626244461739249e+00,1.410713952387155912e+00,1.929745229533896822e-02
2.263963430730110193e+00,2.074757838011965116e+00,1.760599930630644128e+00,2.255243457367630988e+00,1.002682729382140675e-02
4.034313354449615474e+00,4.623382967691964218e+00,3.555856635012836886e+00,4.085684808925805989e+00,1.454309864625155657e-02
5.300143753883372888e+00,5.633565660162019206e+00,5.391001201553180522e+00,5.389444679675538197e+00,2.523750576024920422e-02
8.235226786820410538e+00,7.902805953377541215e+00,8.420133128692796731e+00,8.502318099873303225e+00,-2.831021843863105319e-02
8.818274834088967395e+00,9.314190475869388308e+00,9.002897697888718298e+00,9.592149925061267624e+00,-4.625229568196481678e-02
9.722470560062106415e+00,1.107825933608234692e+01,9.560224357688097641e+00,1.138662887295545900e+01,4.121864774921545072e-02
1.150615306225324730e+01,1.315828553972061599e+01,1.069545254957473013e+01,1.377388556258894425e+01,-3.093788237576636929e-02
1.140399321699879742e+01,1.307764182276256548e+01,1.021614944872535347e+01,1.356074594005279543e+01,3.288291486017948240e-02
9.322352378883547175e+00,1.033536857690786981e+01,8.250228593405493527e+00,1.057557762723643791e+01,4.656922599036478205e-02
7.786640911612267679e+00,9.161292414172978127e+00,6.918881805543677821e+00,8.030922204964749511e+00,1.434469032929239218e-02
4.919348533403392842e+00,5.775988503245183203e+00,4.469564106349205090e+00,4.813619501252019539e+00,-1.000956860568699008e-02
2.709751083408621586e+00,2.949206955371125094e+00,2.497032221841678279e+00,2.453083176030538493e+00,-3.196087578752196401e-02
1.018694419903908077e+00,1.278355921174405108e+00,9.335272903787922294e-01,1.099751483486680614e+00,-9.518362770527533101e-03
6.634215518258078648e-01,9.497314687074202011e-01,6.280603935762718582e-01,7.699469825713001203e-01,-2.696031946444054153e-02
7.974809997968099751e-01,1.052651080099491487e+00,6.433420714845354826e-01,9.342596701860638175e-01,-4.867554152131632617e-02
2.443837053094360251e-02,-7.432357316810174995e-03,3.510829953984049429e-02,1.913625598292146082e-02,3.391165374597392146e-02
7.658064982763911066e-03,-2.660709801930140339e-02,8.768071993527290497e-03,4.181593822216998768e-02,3.858880772078156218e-02
2.362118048614322841e-02,2.585751141580491796e-02,3.431531246119334799e-02,4.976056377964510613e-02,3.324447284592567387e-02
4.691139986048808996e-02,7.679376219795877589e-03,-3.835988067772236332e-02,2.958258448683132036e-02,-3.295758166310412685e-03
-2.233807396782916399e-02,7.174331118241839000e-03,-3.711610279797269984e-02,3.508790424867100355e-02,-3.270530025346093939e-02
3.283767818589618248e-02,2.379173565406558777e-02,-1.259547275254453702e-02,-1.902340373598091633e-02,-1.342004076853420269e-02
-2.222900620630516300e-02,1.196974533378201977e-02,-4.761799987217826130e-02,-2.743775113003421237e-02,1.666380000463686673e-03
-1.132078433026690104e-02,3.429662151954926408e-02,-1.238911908206278591e-02,-4.511199279734217499e-02,7.480719940730212736e-04
3.511229718750631390e-01,3.270458688231176470e-01,3.141949752328269674e-01,3.493783833731809452e-01,2.955680895203594005e-02
1.873393483658193137e+00,2.154465284856640572e+00,1.325523328447743898e+00,2.195614566406899115e+00,3.132908888435347039e-02
2.796730951219810191e+00,3.356897375883963974e+00,2.048808881664884840e+00,3.343572086070913940e+00,1.657252265781486433e-02
2.662809924127361505e+00,2.982764500475663105e+00,2.155981572472881691e+00,2.986825917073572700e+00,-2.116276454850359034e-02
4.535001996611658370e+00,5.181384050496067317e+00,3.724588100140334035e+00,4.918739443363885577e+00,9.663013227155223261e-03
6.660826746810558419e+00,7.901690968837108642e+00,6.133084347663928959e+00,7.131877909869522192e+00,-3.094178520053537940e-03
9.100955014586819658e+00,1.084840381620570682e+01,8.966564874784824113e+00,9.723319723744911158e+00,2.484918175263897688e-02
1.091924214879082555e+01,1.229582868790434524e+01,1.102330747588837845e+01,1.136933065809912868e+01,-2.486134767386679809e-02
1.258390518457750495e+01,1.261417317836204788e+01,1.260664327306877830e+01,1.308545339476614444e+01,2.807737088475793785e-03
1.309380532792399521e+01,1.319787646078468946e+01,1.286352765175880997e+01,1.374891122557895962e+01,-3.055776640837662081e-02
1.434597283982418858e+01,1.529951364350820064e+01,1.358621450657084218e+01,1.613757591777240918e+01,-4.084256697884076914e-02
1.415069600718694076e+01,1.498841298900878805e+01,1.331015457526790868e+01,1.617529097669717686e+01,-3.359501254081535826e-02
1.484406314550151684e+01,1.590840727665492871e+01,1.363642321096391896e+01,1.702052894061021249e+01,1.784127847773901709e-02
1.205196257815484628e+01,1.282871029746409519e+01,1.087370473108164326e+01,1.308352563602100460e+01,2.084629163246627670e-02
9.472963186177478789e+00,1.112310315320180010e+01,8.506458844631572092e+00,9.852069988263556510e+00,4.170533246306722119e-02
5.481540690041683206e+00,6.139893905098953830e+00,5.161426853827728145e+00,5.210008878464903681e+00,-2.290810025707554903e-02
3.798077594255898859e+00,3.849835185751018241e+00,3.779516689581341460e+00,3.453903502068216280e+00,-2.635807778129608744e-02
1.511069642005539615e+00,1.545490814645668953e+00,1.500410415571889589e+00,1.461932186266415412e+00,3.451026645791818726e-02
5.100695289328904813e-01,4.551663065815685361e-01,4.872601650454344013e-01,4.937152405508017927e-01,2.226436603154233196e-02
9.751959594025935707e-02,1.360450716452653031e-01,1.731773018984654466e-01,1.449442297515743938e-01,-1.860854680208099549e-02
2.871286035825696206e-02,-1.054421223653755242e-02,-1.979962878866534451e-02,-4.720716027361901435e-02,1.380027993038304701e-02
-3.147810918305642136e-02,-4.882941738444154800e-03,1.320782139488781148e-02,-2.954820175158673345e-02,4.847533275841475753e-02
5.733616272326956531e-03,-6.596832244269747181e-03,3.400376678966686439e-02,2.218411274809566069e-02,1.431749306371096764e-02
1.047058344484606829e-02,-4.447423003762044497e-02,-3.640150258993823246e-02,4.858827056487106943e-02,2.991465549055591366e-04
-2.720064978861149937e-02,-2.187039048220029702e-02,3.367114072563068272e-02,-3.487416730035915180e-02,2.402805368416231768e-02
-3.125448525586575071e-02,-3.700617002647235698e-02,-1.989217625883513835e-02,-2.176854747359900991e-02,-2.366139565639727854e-02
-3.570032015534326669e-02,4.632656425154044189e-02,-8.422461019280227165e-04,-3.348924197802737729e-02,-4.095242316651464404e-02
6.708234092102964563e-02,9.727035334258725408e-02,1.970818417475915518e-01,1.133507462845809027e-01,5.398118707034327279e-03
9.532861330144904999e-01,7.701711697012411095e-01,8.928128608045017289e-01,9.369725247514192334e-01,-4.376489202731478900e-02
2.810249813578063360e+00,3.185175666220303015e+00,2.328382325758330040e+00,3.195224440142514943e+00,-4.353536115264864531e-02
3.641794865365159062e+00,4.862668780705813099e+00,3.026314977533581807e+00,4.614878761967008636e+00,2.648655902342732238e-02
5.741210652538994985e+00,7.656531606212193530e+00,4.997416396226281421e+00,6.949733951603019655e+00,-4.519863426997914463e-02
8.361632934856272570e+00,1.072589977759212232e+01,7.827402719137789511e+00,9.642960967771861291e+00,3.286397149860413591e-02
1.125533891006156395e+01,1.459893635522217537e+01,1.102534716340865906e+01,1.284216160716874455e+01,4.774930793328001355e-02
1.343950002185361292e+01,1.706166735077854213e+01,1.345028565102665397e+01,1.515112257329430889e+01,2.282679435615218855e-02
1.630644834642835406e+01,2.013593675839634756e+01,1.579131435882766965e+01,1.857790745407549338e+01,3.882370466249716878e-02
1.835152781642361575e+01,2.137992821543704736e+01,1.761782316089712097e+01,2.146742471100033356e+01,4.351759360629614548e-02
1.809377877169274740e+01,2.035909668953949492e+01,1.699782058405544305e+01,2.100482564825123433e+01,-9.213026215735664604e-03
1.901416691480098820e+01,2.204989005967625104e+01,1.658628631441748880e+01,2.276348176689661784e+01,-7.869987280724667633e-03
1.870111327075360919e+01,2.149115494523690018e+01,1.632945418326257681e+01,2.234619206466150132e+01,-9.504102818676529729e-04
1.817364148162808490e+01,2.013693197407824442e+01,1.617479204642432933e+01,2.111156956302965781e+01,-2.493273401014409890e-02
1.800537678268603869e+01,2.156360345917093113e+01,1.565417824264507018e+01,2.083875352051921226e+01,4.694012680080739131e-03
1.425735805421422420e+01,1.763944886746741503e+01,1.253769317676652761e+01,1.602473830101087060e+01,-4.712164401781619022e-02
9.976551554642497877e+00,1.166008456204785659e+01,9.074989698561431339e+00,1.066250719843725392e+01,-3.413502963123591499e-02
6.430277303922828480e+00,6.619116408525724360e+00,6.120951714893801743e+00,6.116198977604316411e+00,-3.570548394305448486e-02
3.126062800277937814e+00,3.116398547399247043e+00,3.425356919032293668e+00,3.029590366961326442e+00,-4.858644790455057816e-03
2.039094602505619136e+00,1.810267288738725222e+00,1.954033490812924212e+00,1.909840808763865194e+00,-1.507324908986008849e-03
1.425059567093120982e+00,1.343068289662480153e+00,1.395126180163220875e+00,1.355819456361521569e+00,2.962486984004565616e-02
-1.373188908694417034e-03,1.267972974535838682e-02,-2.482464967649448181e-03,-1.618788727640889380e-02,-7.175455603361136081e-03
4.627046514845294112e-02,-3.435286800716173816e-02,4.488799671244872447e-02,-1.278793614113321684e-03,2.935013580497723706e-02
2.863974067852502470e-02,-1.932733564692394948e-02,-3.148148393103947923e-02,-5.913779378086514438e-03,-4.623327555864827076e-02
1.881466981752510925e-03,2.045033368077822655e-02,1.040135057765835536e-02,-1.631358653458819807e-02,-4.646229251587594145e-02
-4.575975744534731965e-02,-2.279320343543230973e-02,4.158714457059800584e-02,-4.443038240898655039e-02,4.521368940695118244e-02
5.270932400306641008e-03,-4.152017630967365369e-02,-4.682941950567585249e-02,2.456147024094362807e-02,1.437910411201932803e-02
-1.137405652557584718e-02,5.733523677740917646e-02,-7.462479460511798127e-03,6.352908317629439583e-02,3.338202279500573910e-02
2.269992220436194974e-01,1.780758104240579565e-01,3.728168917950123729e-01,1.852702418368926407e-01,-2.914119836140362241e-02
6.447450364385108879e-01,4.009594382176211447e-01,7.721132407576122292e-01,5.652753621913270132e-01,9.811590013869352089e-03
1.441365299836212754e+00,1.480809361335500673e+00,1.324224300638951579e+00,1.664708622363917367e+00,-2.607390894558047137e-02
3.692822351873667142e+00,5.256862239894769750e+00,3.200504489238654049e+00,4.815815106834748782e+00,1.789427540399568528e-03
9.069923407036952767e+00,1.213777874095136333e+01,8.432171748396926958e+00,1.119030122508260661e+01,-1.987727794169547035e-02
1.133662269429899716e+01,1.517129538149615442e+01,1.092293009048977481e+01,1.394669086599359886e+01,-3.680282133130318573e-02
1.365456101497612451e+01,1.784115673235655564e+01,1.325073832966433685e+01,1.631851657646238607e+01,-4.571423370830614286e-02
1.773125299241302244e+01,2.299876582119469504e+01,1.714300349259377043e+01,2.096572528057919982e+01,2.183615214543928318e-02
2.043695778688309872e+01,2.553841390509434461e+01,1.928430475296312707e+01,2.425797779907293972e+01,4.395943230021973069e-03
1.973969676684386698e+01,2.311754885717042285e+01,1.841212217059949197e+01,2.309276799616793596e+01,-6.692177478794449075e-03
2.094388880193140068e+01,2.412437284657216452e+01,1.902314697023149037e+01,2.477508890286701160e+01,3.324144973812150072e-03
2.062253319243921013e+01,2.341329791059553500e+01,1.824565778789559189e+01,2.434801541666129054e+01,1.437626896137160493e-02
1.903538902085572460e+01,2.112805598757895353e+01,1.701861592765378361e+01,2.221369456732019643e+01,1.985170739889362268e-02
1.722605055190291523e+01,1.848398394219713836e+01,1.560998832394249725e+01,1.940095364717279836e+01,1.905309521758587199e-02
1.720973484960353517e+01,2.056147147649052798e+01,1.544249625447243801e+01,1.969059720372860056e+01,3.142484453704592895e-02
1.384692652603442475e+01,1.801940498753236142e+01,1.228576604678656814e+01,1.634042020223738234e+01,7.217913245530539756e-03
9.541254625777932930e+00,1.155490873438365540e+01,8.976638680575915075e+00,1.054043932241803461e+01,-9.014929771155054394e-03
5.912441842140269799e+00,6.166821021715156448e+00,6.008506685343740550e+00,5.826330412203687636e+00,4.616184741419793180e-02
2.963990870873707717e+00,2.957472227228338468e+00,3.616667173728056461e+00,2.768293881592571282e+00,4.942973807508968531e-02
1.846762050754074735e+00,1.435792697733667023e+00,1.995659188878100121e+00,1.551676988412332703e+00,-2.131605868263150225e-02
1.466669232789171495e+00,1.175579183491658908e+00,1.559424075926168829e+00,1.254033108619726278e+00,2.037193663231501306e-02
1.497321760990439309e-02,1.011450452883961258e-02,4.535909349708091773e-03,2.600501343999726128e-02,-1.496800155106822044e-02
4.166944488710344618e-02,3.656901538063236055e-03,-1.988617133357995642e-02,-2.232483429827667593e-02,4.124313047179554992e-02
-2.281839113366856964e-02,-1.954671020755772981e-02,-1.795626993048660830e-02,1.517311402589591185e-02,-3.210965197565694706e-02
-1.860266015340566320e-02,3.914123115394291252e-02,4.821738780654900858e-02,1.592936639125805409e-02,1.892055400211924143e-02
2.431024538376466010e-02,3.586616071169194953e-02,8.136454851449387987e-03,-3.996060313260015040e-02,1.244320288618092768e-02
-1.692877610471189842e-02,-5.058648155130442137e-03,3.975709442186196874e-02,3.379862916260624461e-02,-8.479394919849683743e-03
4.641055094470929177e-03,2.881819270178494208e-02,4.651404020080854296e-02,-3.807147150110171130e-02,1.547793636452077237e-03
4.525011735611994719e-03,6.562696994954604623e-02,3.376610014595141096e-02,3.938545108379730431e-02,6.393043157146491295e-03
1.394029269059990250e+00,1.707890168519917262e+00,1.258021870334281367e+00,1.881333695784545235e+00,-9.592396944427469818e-03
3.356061703848240541e+00,4.393836605548988139e+00,2.937915914043222276e+00,4.405066164162619202e+00,8.559399771626216569e-03
6.191728264339150911e+00,8.066752412452506960e+00,5.760409556042349166e+00,7.687594286635131446e+00,-2.025475136826531200e-02
1.115318844014180222e+01,1.493564849152689789e+01,1.071872380040401573e+01,1.376322675265411277e+01,-4.259490580945932137e-02
1.168181527398408903e+01,1.563309736068114120e+01,1.142662318726203274e+01,1.446553703645472488e+01,-4.997762667664878283e-02
1.433289436909015180e+01,1.849385840536163528e+01,1.394622681709247303e+01,1.700997339187270541e+01,-7.979497777095910516e-03
1.849314653383975582e+01,2.354872413568497791e+01,1.732184313809510812e+01,2.171026502676119918e+01,-2.277580337030056523e-02
1.681476353332365292e+01,2.127251822915549795e+01,1.524554212270803077e+01,2.002771902774607327e+01,3.068820627885779362e-02
1.583819320054724322e+01,1.807200705081281811e+01,1.430673821279000890e+01,1.852916296823352482e+01,-1.076949452768476145e-02
1.727030289363944959e+01,1.918474168685144932e+01,1.522074127595524473e+01,2.049362293470723984e+01,-3.436983378807488554e-02
1.582551113517174457e+01,1.684604986394035819e+01,1.403101672636990571e+01,1.842714241128086172e+01,3.548282054419855946e-02
1.371290671025832886e+01,1.434206821384973551e+01,1.259243576781710772e+01,1.548472242403188837e+01,-3.064672680886123754e-02
1.370826924950040215e+01,1.480666092037248305e+01,1.320727421765841569e+01,1.521539093666419618e+01,-4.680142674990867002e-02
1.445411785645315916e+01,1.801539186889852218e+01,1.337439101300369337e+01,1.684219173803776926e+01,1.415953051100600490e-02
1.247404082469341269e+01,1.680235510500016716e+01,1.098489385184105060e+01,1.531433882379794120e+01,-4.312151162644222574e-02
8.793125956565265966e+00,1.071730735800596079e+01,8.194032055158702477e+00,1.020923688708925248e+01,2.356302313895854150e-02
4.407983008257107649e+00,4.703933810079999667e+00,5.008727952092842273e+00,4.180968806743550203e+00,1.561685023878275902e-02
2.798588199768175411e+00,2.798666785265187862e+00,3.589711925106910506e+00,2.598127750226517207e+00,1.252745832547944027e-02
1.585955883915082243e+00,1.282217017973919404e+00,1.978324217504138671e+00,1.330960756691325297e+00,-4.059874314484482327e-02
8.330690202380921505e-01,4.259274168954643724e-01,8.780653209464900355e-01,5.044020498271644115e-01,4.720763678533361485e-02
-3.561871119156447690e-02,2.264078524203484710e-02,5.535344542680695895e-02,5.188308578511544034e-02,9.480197876629889442e-03
-8.823806823649603392e-03,1.952791558134246708e-02,-1.147363569093168278e-02,4.309714368364490900e-02,-4.363827593903898960e-03
-1.465832746069669484e-02,2.835234530060322389e-02,-3.176818839718818094e-02,-3.293386172789405930e-02,9.167166398910762959e-03
3.593863797162515084e-02,-2.213639012899377978e-02,4.154880892799467373e-02,1.716765433808617458e-02,4.739214886286929884e-02
-5.062857865293958481e-03,8.388304386190155448e-03,-1.954427347623121508e-02,-4.174370202662820717e-02,4.230720426033870996e-02
4.947207311302645460e-03,-5.484159059083684729e-03,3.940590181090132538e-02,-4.552417618093482915e-02,3.628198099486258654e-03
1.749159660237783187e-01,2.050096519068150547e-01,6.230704973193601504e-02,2.281820586630530501e-01,4.981380516927334801e-02
1.106213917733278596e+00,1.487121012848883650e+00,7.749978854336782019e-01,1.643379495455429717e+00,-4.553977651889286327e-03
1.878220426150494005e+00,2.665410757542804543e+00,1.557211624241390258e+00,2.863054591063613596e+00,4.216365560154354541e-02
3.889327668488213874e+00,5.470049756536107921e+00,3.373918969648164179e+00,5.309234853633515883e+00,4.002560268650916242e-02
6.648417107127859715e+00,9.034950798939210159e+00,6.253836473683245245e+00,8.268124075211956026e+00,4.327300250575796814e-02
1.112917981592935135e+01,1.459593773608952105e+01,1.065449908594355577e+01,1.346073421091229250e+01,2.273533135353464352e-02
1.318617375424106974e+01,1.645417530618448154e+01,1.299760221747805566e+01,1.521934108764285831e+01,-1.996869816771982414e-02
1.487582904326844258e+01,1.839618446512895034e+01,1.441586462069652264e+01,1.692852418220541111e+01,-2.525524507268286575e-02
1.562266526711683134e+01,1.889330251890676848e+01,1.416360182042739169e+01,1.767601481505366223e+01,-4.193073011343038253e-02
1.207047930312772976e+01,1.440174600485989664e+01,1.102421578703782679e+01,1.368231853291869271e+01,-8.577337833414633295e-03
1.064379640205473798e+01,1.060188829361483798e+01,9.722847314664861074e+00,1.176443499615911392e+01,-1.640797581545614531e-02
1.090809276160859653e+01,9.960146722651261442e+00,1.025775129971227528e+01,1.174204815218313414e+01,1.066453405038948754e-02
1.037463738459594609e+01,9.700821243078737055e+00,9.816307627889155896e+00,1.148584414827975131e+01,2.850381356102253683e-02
8.860537444741986235e+00,8.845902103849795139e+00,8.661960555940293460e+00,9.524212687539456823e+00,1.850263368417687238e-02
1.011782994179171880e+01,1.118332809971992781e+01,9.857394807911388668e+00,1.094602734455318149e+01,6.252937909344280509e-05
1.143211369417733714e+01,1.512013329020462749e+01,1.019773286970143822e+01,1.370664566722299149e+01,-1.164683116643762395e-02
9.719825313007962819e+00,1.344614313900213887e+01,7.745827574674780891e+00,1.245151794471146900e+01,-2.649199580139691840e-02
6.263790931887809776e+00,7.835826664696930344e+00,5.536436697787733507e+00,7.617053089652322306e+00,3.521254596540467074e-02
3.072524485566533237e+00,3.401770050094570674e+00,3.767915487691961829e+00,2.874963511491150481e+00,-4.841059071754223730e-02
1.992275406653170267e+00,2.144251192927035810e+00,2.846993787275094778e+00,1.822779147611352180e+00,-3.527813102789648103e-02
1.284859898558470492e+00,1.087616108583756791e+00,1.820622392068698581e+00,1.061498919682137831e+00,2.370221312676615288e-02
6.161811269649335454e-01,3.147774133493049797e-01,6.835900947616400103e-01,2.990795041468369830e-01,-8.183881537192003175e-03
1.550567304365473298e-01,1.805585703497852162e-02,1.475619363686205832e-01,1.346263356561028073e-02,3.436814629185050429e-02
-4.299846026645613717e-02,-4.763802923249199628e-02,-1.708616071101514561e-02,5.048849270090917732e-03,-3.737747561268039281e-02
-4.114143042187969057e-03,-3.366221821551289295e-02,7.386221785602761769e-03,-3.064723438814329765e-02,2.152153085112401554e-02
4.749215236487136504e-03,1.949465581458495467e-02,-7.635774431557731945e-03,-4.379003792508755905e-02,-3.765054733144682780e-02
2.281167586384989787e-02,3.998487270972850283e-02,-1.403995688816811471e-02,1.213110281949859870e-02,1.855682260429454555e-02
-3.126400854413134700e-02,-2.978889853335312671e-02,1.496408337317460535e-02,-2.159463554910504707e-02,1.143225740966702375e-03
6.578405312133286942e-02,1.241842324064722919e-01,8.179600180669369114e-02,1.611027147561819306e-01,-3.608701473213458272e-02
5.198523142290145671e-01,6.822010851794034769e-01,4.108195257330509165e-01,7.212998046518113160e-01,1.459006505934182241e-03
1.167613983991758531e+00,1.673483975974243920e+00,1.112575366102897201e+00,1.857751021173245087e+00,-6.496971538769283350e-03
2.464985155106176329e+00,3.662355222237692054e+00,2.536044738634088525e+00,3.267475530916681414e+00,-2.591468239182020961e-02
4.569512781373148869e+00,6.615815246316842924e+00,4.739716149224942221e+00,5.683925577253584827e+00,2.761586674943321273e-02
9.491809239128956577e+00,1.204587891306208292e+01,9.388141314382714597e+00,1.085457318910973612e+01,1.103350246763083048e-02
1.446959851401623887e+01,1.807368469914518627e+01,1.386827930760673588e+01,1.623883352312614292e+01,2.841736433866141887e-02
1.626390776261728988e+01,1.976136177722373688e+01,1.454138317598021324e+01,1.800295367539784053e+01,4.634964836838680047e-02
1.432113450193097215e+01,1.686350362342207276e+01,1.278013176143166341e+01,1.538359048231149373e+01,-2.692657135261067314e-03
1.163996713865578769e+01,1.267641911848189906e+01,1.041200145017610090e+01,1.225179411079207625e+01,-3.598146058075694237e-02
1.078799924193441306e+01,9.857780949155980466e+00,9.985469196660028857e+00,1.144932761351083883e+01,-3.610416088726369627e-02
1.085084277581892209e+01,9.258390832902181344e+00,1.045674997918324145e+01,1.131791990447027274e+01,-3.405296887586804072e-02
9.094059362647527678e+00,7.673593431055945935e+00,9.295804338432565928e+00,9.477811449908555730e+00,-3.516251444729304176e-02
9.611996086495636860e+00,9.622305880246953436e+00,9.430370069875444017e+00,1.023490675607238920e+01,-2.264230620853378145e-02
1.188158669465708250e+01,1.412901524847384138e+01,1.107838061888711501e+01,1.347556035604869429e+01,-2.284882077028399516e-05
1.192237276714639371e+01,1.558486662900306285e+01,1.027038327383708882e+01,1.442223723231096777e+01,-2.056243027512181382e-02
8.606510473424854979e+00,1.149361213753133448e+01,6.649429222644475779e+00,1.101007647840206438e+01,5.125522561338767547e-03
4.243182715596025112e+00,4.885512504118375787e+00,3.777058991024980994e+00,4.742166045419870635e+00,-1.613328245490996959e-02
2.400741260820166811e+00,2.945536652970642599e+00,2.872428648575868770e+00,2.297377213143677377e+00,-3.814777591722035011e-02
1.765119167467470440e+00,1.963550243661548844e+00,2.466046780205435773e+00,1.746851922801659907e+00,-1.909558439070171629e-02
1.116518830770123483e+00,1.061604185716946258e+00,1.645394891254791547e+00,9.652968536157939816e-01,7.579157569389885496e-04
5.825367358525992412e-01,4.464283804101113473e-01,7.440981192476397998e-01,4.227613989013542795e-01,2.809278087315859873e-02
3.696080358609981492e-02,6.056464913150125251e-02,6.241472987904077285e-02,5.243248974634848875e-02,-3.159902322010302994e-02
4.093191080094142620e-02,-4.556404035970844368e-03,4.567829904253213613e-02,3.961245739642914321e-02,3.898822309451491219e-02
4.872343945268825527e-02,-2.157592987138673424e-02,4.874340117065818767e-02,-1.905334307758019957e-02,4.552148511146197896e-02
-4.955172843354656298e-02,-2.505486612913077060e-02,4.477970245879268896e-02,-3.997561185647550280e-02,-8.082293176976083904e-03
-4.379859331820082358e-02,-3.839827703411196475e-02,4.193021487946167747e-03,-1.657881788165843640e-02,4.176275124257507187e-02
6.546077141762363105e-03,3.718152800540044933e-02,-1.380622594485680921e-02,-4.079564202542823592e-02,-2.399164265140410132e-02
5.149310969986400921e-03,3.120570811797315769e-02,4.481165813195157888e-02,-3.895292348367151297e-02,-3.190508333566766108e-03
3.304713777526045032e-02,6.066764131560284899e-03,3.824244838979551364e-02,4.713935655194159691e-02,4.452272627918972547e-02
7.576944273550213493e-01,1.251087764969140981e+00,9.632454264224209473e-01,1.014433220303659677e+00,4.475184737002631252e-02
1.779040008373697246e+00,2.881873618760676603e+00,2.003812625614150633e+00,2.248325907734036733e+00,4.764963915934278260e-02
3.083115137808278838e+00,4.287104800105915992e+00,3.618594117067328142e+00,3.506821051141360446e+00,3.103773361862043056e-02
7.477623525904792956e+00,9.121505928487460224e+00,7.759136030082448343e+00,8.150194464835839980e+00,-3.428588463098279637e-02
1.403158299620041660e+01,1.727885323039420129e+01,1.310702339306589614e+01,1.529804802312844458e+01,3.943607480085314920e-02
1.629650567117137783e+01,1.948154396472621741e+01,1.442966700394564228e+01,1.772549828251986170e+01,-3.650329406981450697e-02
1.490673131058964174e+01,1.772053435242944275e+01,1.339348017604888064e+01,1.615253275489507701e+01,2.401408460150392110e-02
1.321462963443948624e+01,1.467674779107134775e+01,1.166507918398662724e+01,1.433223300778261233e+01,-3.307522508397296029e-02
1.348395028762545778e+01,1.326058676086477384e+01,1.235371670241087649e+01,1.430610414689438947e+01,-4.746347096046376474e-02
1.360560432984205192e+01,1.255458340443627208e+01,1.274375596538968303e+01,1.425863560016351173e+01,-3.942689437462607027e-03
1.401349708974687580e+01,1.293184751990931325e+01,1.352899332369098495e+01,1.445897100598743634e+01,9.020944208675454878e-03
1.586739658730511415e+01,1.671388689061316768e+01,1.477960442064314606e+01,1.715116427620593598e+01,2.084656938957069050e-02
1.645390457383336269e+01,1.940844266287736630e+01,1.474487365944774986e+01,1.851611131193086379e+01,2.367630779302959398e-02
1.283415879301107765e+01,1.623388630087534068e+01,1.037424346855210544e+01,1.541339681650952365e+01,-3.243624018145388477e-03
8.342316898190452079e+00,1.069546058069457573e+01,6.432809972610025184e+00,1.063076185895720549e+01,-3.871154463389551298e-02
3.809496556268720191e+00,4.616424692509201400e+00,3.534270507024834362e+00,4.229140527226488366e+00,-3.429408531848109065e-03
1.882537385754071702e+00,2.496971112713727958e+00,2.391803415565149304e+00,1.925503707121547281e+00,-4.817071078278949842e-02
1.211844670853681416e+00,1.314034058054544873e+00,1.889977852687933391e+00,1.271712956524589710e+00,-9.220870440248607469e-03
6.181719540632453214e-01,7.468610670052078238e-01,1.145195803558393566e+00,7.283217795320472421e-01,2.159449348334671615e-02
5.246186905113902066e-01,6.350683570501854946e-01,9.554787563068012357e-01,5.942659065804982710e-01,-4.161388539304608503e-02
-1.827206359660017709e-02,2.057233349878635764e-02,-1.327925745396952087e-02,4.975142362511442151e-02,3.485823827787563889e-02
-1.377829628755184929e-02,-2.854974569795780057e-02,-4.288330712032849962e-02,-8.437730643182716345e-03,4.480108082859342311e-02
-1.216347134386577128e-02,2.855843917958079958e-02,-7.834901474464826820e-03,-4.496838232261096691e-02,-3.141134761001258824e-02
-4.531017880651240504e-02,4.691742069701594631e-02,-3.872725422347899488e-02,-1.884290221344894420e-02,-2.112028698046568634e-02
-2.940137048313661364e-02,-2.071937686074696444e-02,3.879329954902852040e-03,4.105140377089225301e-02,4.617042219748998533e-03
-2.884911934086842322e-02,-3.425761893839751604e-02,4.089901633279752202e-02,4.810233864065190101e-02,-3.922388774347032592e-02
1.401535755913012327e-01,2.081514814956557102e-01,1.111342157037009115e-01,2.293811669805389530e-01,-1.817686858118352372e-02
7.754241119405229643e-01,1.381454356365914071e+00,5.197001913048040489e-01,1.184765388600175218e+00,-1.484390685790518832e-02
1.889547492275929663e+00,3.400130459063989807e+00,1.869202438697127988e+00,2.530136376740313775e+00,-1.103024534822322211e-02
2.491238635404682711e+00,4.124385210291620751e+00,2.899908579712435319e+00,3.286827480990243355e+00,-4.116983451837104291e-02
4.467144208740043254e+00,5.968397282131947534e+00,5.030394852210061885e+00,5.028461702211035167e+00,-5.710698835886249269e-03
8.049216898413138921e+00,9.406747720762929532e+00,8.255949537312160302e+00,8.365651584233877003e+00,7.793493820358467217e-03
1.070497563205489833e+01,1.292697760476387359e+01,1.024989150621193446e+01,1.133001770558882981e+01,-2.878307590494837490e-02
1.372387823277183294e+01,1.621180569317452935e+01,1.219796036332177280e+01,1.470955861267151299e+01,-5.649089004430382643e-03
1.536542785942620348e+01,1.795451770467666108e+01,1.383530238890004505e+01,1.670511232347411124e+01,2.119726584868822372e-02
1.507272937230032461e+01,1.680846082597868119e+01,1.352950851191306647e+01,1.657517162156560886e+01,3.537406349483816770e-02
1.845758106202000448e+01,1.858943321828292738e+01,1.705658834899874066e+01,1.956190239318873125e+01,-4.921700713624254514e-02
1.921868518165861062e+01,1.869211968126341006e+01,1.798235620864753059e+01,2.009224846112757135e+01,3.307208285663056080e-02
1.895589348020726916e+01,1.891005981439137429e+01,1.758093862326711232e+01,2.020286550528345160e+01,-1.237825059250025062e-02
2.216959799888699933e+01,2.496699926026618499e+01,1.992372585738619506e+01,2.449899899275986925e+01,-2.445034036986003592e-02
1.965473960867663550e+01,2.302797666653031072e+01,1.718656111468975922e+01,2.211717766651937112e+01,-1.058895005598507744e-02
1.445120840235215987e+01,1.777634684367751916e+01,1.208809353484418203e+01,1.727683576719689640e+01,-3.543754160929779573e-03
8.077551064315244389e+00,1.001570553686607745e+01,6.904536272570019229e+00,9.694608168769688561e+00,-2.898618548782340432e-02
3.645898292679076391e+00,4.898631669765705077e+00,3.482252324885821260e+00,4.413364531729373041e+00,3.863002784993503635e-02
1.656742499466938190e+00,2.592168978069058660e+00,1.933665848244129570e+00,2.017976387865195509e+00,-3.650589593265787802e-02
9.041943265498124660e-01,1.210638201507697520e+00,1.653605298132035051e+00,1.191371554195395088e+00,3.868684934270985587e-02
6.769924010791208424e-01,8.504948628881605632e-01,1.219065307506351781e+00,8.009790580999925913e-01,-1.692305917251859387e-02
3.925639158100296400e-01,4.064170897223540191e-01,7.159182125674057318e-01,3.731571763194806990e-01,-4.798080267407522914e-02
4.642596471342209929e-02,-3.956436029923311726e-02,-2.099404597619593943e-02,-4.193934369283072727e-02,3.940128008608748122e-02
-4.435665802126458057e-02,2.411581305977624629e-02,2.417968089885047522e-02,8.259672912773987491e-03,-3.737253517924019053e-03
3.791390690068396907e-03,2.646558417723543499e-03,3.089893901686645294e-03,3.965349092306706680e-02,-4.325979972776423932e-02
3.670805351539190020e-02,1.630808140794734462e-02,-4.374195552870739634e-03,4.338144426696805001e-02,-1.383698686857968985e-03
2.007201020173261796e-02,-4.838919172040743316e-02,-2.747171500199062366e-03,2.312170989161727030e-04,-3.311259878995579525e-02
-1.256184993537436817e-02,-2.696783181493144291e-02,4.061512489880705901e-02,-7.729022868269763702e-03,-3.568966850051168149e-03
9.717463617715751956e-02,1.711058701071992705e-01,4.501053444173357121e-02,1.933584726207596971e-01,-4.246174743547048713e-02
7.146488043583392180e-01,1.231682136327381327e+00,4.763703271743910950e-01,1.139360242196502115e+00,4.963722325664302049e-02
1.793217266897745743e+00,3.208839586685228173e+00,1.765633140524047295e+00,2.316620260326622383e+00,3.123901332866572955e-02
2.345472399113849526e+00,3.735780875545090751e+00,3.062437432269041970e+00,2.909121788042595025e+00,-2.237380827748717410e-02
4.716858215561213541e+00,5.606274853023204052e+00,5.657455074596643207e+00,4.831924526660449359e+00,-1.284650566993406073e-02
8.903384730452767570e+00,1.083658532927808693e+01,9.339004113099033333e+00,9.198262767687605646e+00,1.866172444848650247e-02
1.099195573990398778e+01,1.357660662220405534e+01,1.047652776417300302e+01,1.134309462416847225e+01,-1.093738877375262375e-02
1.375367114940851820e+01,1.655444510990821172e+01,1.243914325591011760e+01,1.439144332825899220e+01,-9.477294838833541513e-03
1.366071866595286899e+01,1.571840391661553227e+01,1.230725506469453734e+01,1.448387163282404089e+01,4.639768570146608762e-02
1.499680021043619860e+01,1.710746345888075837e+01,1.359820630220617232e+01,1.620025271775486431e+01,4.753722841987621794e-02
1.835789305658179771e+01,1.994157899656773836e+01,1.662094428162792070e+01,1.968823041936352780e+01,3.614227825633575808e-02
2.015745720791730022e+01,2.211324657748861711e+01,1.831289774652429259e+01,2.185696819843336414e+01,1.378013058816360270e-02
2.484228263828997640e+01,2.874422210050922999e+01,2.207769187742845673e+01,2.771973971087689037e+01,-1.700737253864104126e-02
2.569293191887622285e+01,3.030826532730078782e+01,2.260123691697539527e+01,2.875958828159587455e+01,1.515944274900996036e-02
2.155872084105491737e+01,2.591384774469669949e+01,1.855241259710233948e+01,2.442666164607189572e+01,-4.505946330029612229e-02
1.609251300122253880e+01,1.987999788157323167e+01,1.374014424866613737e+01,1.906984710697939178e+01,1.511526543803372313e-02
9.061867873449628519e+00,1.183346327362059291e+01,8.305408387697653438e+00,1.075059587739519174e+01,-3.182688656695548124e-02
5.750056264961264318e+00,7.779191135146327873e+00,5.300906883150156901e+00,7.091190976810024971e+00,9.263285934672793598e-03
2.420165247005310327e+00,2.965298504578682159e+00,2.577067599448889634e+00,2.819974039057306037e+00,3.389854666174349496e-02
1.110096836578040813e+00,1.458721653346316094e+00,1.855844306355472817e+00,1.408817260780900193e+00,4.301237287428529010e-02
8.139199631746952823e-01,9.188407779879894655e-01,1.417771246652780981e+00,8.097518842916495707e-01,4.034377346441640755e-02
3.551310182014991157e-01,2.858466742816091477e-01,6.160102105587591526e-01,2.600539975967415263e-01,-3.769252314350582389e-02
4.443055597394309636e-02,-2.254407976268817462e-02,1.346327561443554435e-02,4.472444451807196242e-02,4.720840003335506629e-02
-1.125182746504198306e-02,-1.091260706269976677e-02,-1.920684148998889201e-02,-1.245562340718492367e-02,4.050526993888797778e-02
1.148157989002045187e-02,-4.144643137615713901e-02,-2.698394888806095182e-02,-4.916299634388177076e-02,3.243823926182919093e-02
4.027876227038791612e-02,-3.737539979328936834e-02,-3.974552641790092544e-02,-4.327016147400591234e-02,3.354826574301116027e-02
2.728036909686375189e-02,-2.736224981944933646e-02,-4.232132751636226431e-02,4.252291976279304331e-02,-3.606246901502570268e-02
-1.480501166660698475e-02,2.229170083215205322e-02,2.147182882515430435e-02,-4.518819823883135633e-02,1.284257763029914012e-03
1.336213552975715202e-02,-9.922448318645915588e-03,1.520503808758712216e-02,-4.932572961768218189e-02,-1.470393727624654673e-02
-4.877237579512412602e-02,-3.368339514227697978e-02,-3.942457850376170081e-02,7.210361651578233409e-03,4.328126353866854070e-02
1.077339391421178183e+00,2.001678216013902833e+00,1.346523366104944941e+00,1.364404296375641756e+00,1.380118169359408065e-02
2.460891388427405069e+00,3.499597682736731663e+00,3.348724804508609765e+00,2.882674518330059499e+00,-3.814763627714005262e-02
4.707864248490372994e+00,5.786248893078854039e+00,5.598394762165137095e+00,4.791530398970348159e+00,2.035926784450566018e-02
7.994194405638120671e+00,9.777120516257731708e+00,8.367845283797135991e+00,7.891816690897355713e+00,-1.197419715488499958e-02
1.015459984406255778e+01,1.282736151849405282e+01,9.625364599886673034e+00,1.071184060986714215e+01,-4.342855727503491803e-02
1.249503445215453290e+01,1.614803428186378653e+01,1.089235167362636858e+01,1.440852419387402961e+01,2.586266187757561841e-02
1.304949549904118022e+01,1.608959488085001510e+01,1.146058378549932044e+01,1.470286269786516442e+01,-1.328839463008054528e-02
1.282175888991486090e+01,1.550842185185172895e+01,1.138840510743662904e+01,1.447075903553185050e+01,-4.511397220036547639e-02
1.361996797822858696e+01,1.502824133524887529e+01,1.226816404638303837e+01,1.457243767757875297e+01,1.279236425112081910e-02
1.551018910781572480e+01,1.664977603234768466e+01,1.413231196247945043e+01,1.632154558721774862e+01,1.609696480680566921e-02
2.105008021711977406e+01,2.423206210824981710e+01,1.866738142826214286e+01,2.340275809755533842e+01,4.643840760655054689e-02
2.334267985346169638e+01,2.813974972406832364e+01,2.069765353638728911e+01,2.653459040055876983e+01,-8.213845036205105754e-03
2.358946609511616899e+01,2.983568338298528033e+01,2.050914599898560553e+01,2.791628415458630030e+01,3.346228994723786376e-02
1.781195178910017418e+01,2.384014970903072950e+01,1.558665971966387431e+01,2.210980857252411980e+01,-3.370801461245602482e-02
1.078226937898770998e+01,1.460655618397049871e+01,9.760574396377379003e+00,1.354402508216399958e+01,3.000281963911299865e-02
6.476464470193198153e+00,8.634871894607137222e+00,6.003232101424990752e+00,7.848838942527236462e+00,4.509705783103595822e-02
3.679154376520224812e+00,4.273370281090684841e+00,3.731735200309894473e+00,4.164091583672639096e+00,3.531471834725630199e-02
1.369776207435566162e+00,1.631192274270319098e+00,2.056629774975034408e+00,1.653630530376811070e+00,1.664722482623433308e-02
6.737993518963658612e-01,7.650658589515584307e-01,1.214329724237978025e+00,6.970197229019855500e-01,-7.493437346203710159e-03
2.451703029246484755e-01,8.234455265035929561e-02,3.981419815134085161e-01,1.087354537582464059e-01,-4.562629680003205124e-02
1.037593677078927079e-01,7.054275295676315505e-02,1.337373855787156174e-01,-2.053542558724223699e-02,4.472078815567641363e-02
-3.078395734411441126e-02,-2.643802648284376833e-02,1.509421918153829034e-02,-3.686313714797400526e-02,-4.291484003529635882e-02
1.103964604952337170e-03,-4.371311456237608750e-02,-3.856226758698593632e-02,-1.412750509111387887e-02,5.630480868029502650e-04
3.958646558115881675e-02,1.678937764682258971e-02,1.727585161097662525e-02,3.546411625882428531e-02,3.569467179820400016e-02
-2.797657017890117434e-02,1.644291651637171114e-02,3.378409006866692210e-02,-4.843129098682442957e-02,3.616068381391067399e-02
-1.320503073870359784e-02,4.266668795846376150e-02,8.804475118144541868e-03,-3.888305396978233852e-02,4.299801709938097516e-02
4.866807361279221894e-02,4.621745607759200625e-03,4.959824797981330496e-02,-1.447562200499280527e-02,5.984126535575548522e-03
1.199251193238076163e-01,1.897308559395473049e-01,3.281575468264381623e-01,2.475156918978950460e-01,-1.915172898428203763e-02
6.240993592032894055e-01,9.400117664968926645e-01,1.239519241269122718e+00,9.290329638056803452e-01,-3.746356059842903541e-02
1.830448866729987634e+00,2.492456378921433124e+00,2.647688568745214077e+00,2.137953751640813582e+00,1.626250167551593351e-03
4.420371929136332589e+00,5.581380284226418631e+00,5.018445563693012978e+00,4.723135354273110487e+00,1.920214660756111580e-02
6.163173487983959475e+00,8.104006352474289798e+00,6.123396703620083592e+00,6.510079381596928449e+00,-3.567175337190591627e-02
7.440583958348295113e+00,1.035595096186331610e+01,6.694416735542931818e+00,8.565270249527412005e+00,4.609380975502766487e-02
9.579395541134344327e+00,1.320453610773384057e+01,7.874059844373947570e+00,1.169558719061064878e+01,-2.230328414782817292e-02
1.028331151935596566e+01,1.293360394995527507e+01,8.801494362538344163e+00,1.203582757426064909e+01,-2.626651367597029885e-03
1.009832656223496450e+01,1.125339431816763280e+01,9.074674323786027230e+00,1.073941652218045562e+01,-6.912406350559910373e-03
1.080550750568954399e+01,1.065001024697717114e+01,9.823929252372217036e+00,1.096110759039043359e+01,-2.221175357855729310e-02
1.598628024155048166e+01,1.676691595859891137e+01,1.412315863641982183e+01,1.744494126752554664e+01,-4.362687136767602614e-02
2.110757356307450650e+01,2.445707759009628646e+01,1.869543409233260789e+01,2.402360186993638891e+01,-4.749805762470971082e-02
1.969810948750013679e+01,2.458896757515461928e+01,1.758193323595772739e+01,2.312549069899804977e+01,-4.959127067315186044e-02
1.807749886249280635e+01,2.341770802774763283e+01,1.631980319222000375e+01,2.197622992447765711e+01,-3.819364757136942123e-02
1.523866338377077234e+01,1.951864553411692071e+01,1.390224394148083498e+01,1.849168488063339311e+01,4.406538540622222111e-02
1.256852408352401440e+01,1.576857705924695807e+01,1.141119765639052730e+01,1.515523801943418647e+01,-2.683652802730561795e-02
7.235553552116043008e+00,9.289265265118443082e+00,6.923695044462188974e+00,8.390698067978963337e+00,-2.368992432547484261e-02
3.983213414249368256e+00,4.604418578918189731e+00,3.980329906603217616e+00,4.363256870357604456e+00,-4.968324821702407162e-02
1.211424522343410803e+00,1.337533903173490524e+00,1.686097639130184289e+00,1.346617623407462050e+00,1.102066216164504509e-02
5.553972303464860261e-01,5.641333740132150609e-01,9.277838803986314664e-01,5.277915193902008584e-01,1.955467878101388446e-02
1.480038792998192576e-01,4.509488098146333113e-02,2.002678398171079122e-01,7.670614307388620712e-02,-4.276137650277640756e-02
-2.365607616731028873e-02,-2.469127954982279841e-02,-7.402868123311793017e-03,1.812004054147678053e-02,1.441774576834273236e-02
4.504860445311426043e-02,3.018555982198599386e-02,-3.442510830200108674e-02,3.474780824702454474e-02,2.309354098905802566e-02
-5.841988652560900497e-04,2.401510883693522280e-02,3.961395601454247017e-02,1.187554920923754309e-02,4.692506735256755934e-02
4.817876819647030906e-02,-1.006115218992355981e-02,-4.639529660961675545e-02,-2.808461813309767394e-02,1.831074051940863312e-03
-4.004104680999573396e-02,5.523692197401910975e-03,-4.298216216492498076e-03,3.455222722900945509e-02,-2.990743616389303361e-02
2.571663090924827810e-02,2.291392041453232942e-03,-3.206098775766533931e-02,-3.331667926437387184e-02,-1.585037574092861001e-03
-6.193907055000537343e-03,4.769750199540373492e-02,7.834777331049412596e-02,-3.123013566521769258e-02,-1.574000558836701619e-02
2.745881733287991455e-01,4.111069029663170227e-01,5.441731337999471396e-01,4.450648525202134387e-01,3.271426421631115633e-02
5.588978371852226790e-01,7.714329806559087066e-01,9.921360082818919679e-01,7.951838774720386693e-01,3.539608882677644508e-02
1.981051936638908773e+00,2.525615206308291949e+00,2.345548141825343436e+00,2.475546117026483639e+00,-1.313181872486708646e-02
4.398003121530286386e+00,6.074343130929170442e+00,4.152974860582702377e+00,5.350491597499849483e+00,4.665972354176732562e-02
5.539894144655264974e+00,7.477505770653615436e+00,4.707745204645901183e+00,6.487320984760802212e+00,-3.364697127928420461e-02
5.807316958213231572e+00,7.268544430120051913e+00,4.631908345969516283e+00,6.587391645866944145e+00,-1.470206755987402136e-02
8.513145311935259585e+00,1.026318072149577354e+01,6.812629031463041329e+00,9.979510344867017935e+00,2.836340531487556438e-02
9.561756218278501862e+00,1.050096033313195676e+01,7.723975428661313813e+00,1.063694611965340009e+01,-2.666101578989933663e-02
9.635776117623272796e+00,9.608916238820135902e+00,7.932517545490608057e+00,1.035081578614203224e+01,1.893256057204509291e-02
1.185362619040344789e+01,1.172623120521864415e+01,9.932088495337936251e+00,1.302828826902875470e+01,3.051766465083245727e-02
1.717828217089698839e+01,1.907050397723934410e+01,1.465294359383120337e+01,2.007514169101417068e+01,-3.040862671590618613e-02
1.817126112417610173e+01,2.143829474567530724e+01,1.600786909473267983e+01,2.133447019784043164e+01,2.993001065040833131e-02
1.569905683630218363e+01,1.985441815555243394e+01,1.469792847910927591e+01,1.882184071959988358e+01,-1.577855242226496035e-02
1.400475474278043997e+01,1.810602107556334062e+01,1.287527899644833695e+01,1.716683092573380520e+01,2.998258901870080873e-02
1.298554389636472983e+01,1.580304726514410163e+01,1.233253793293698841e+01,1.518701785259089831e+01,3.990686410926179428e-02
1.241495739460917491e+01,1.553032724036632395e+01,1.130064594261570221e+01,1.486685297012424911e+01,-8.877573658341242346e-03
9.076219365327611754e+00,1.170496381749117099e+01,8.628298466449130899e+00,1.071063024254335971e+01,4.735759617616414063e-02
4.679637267782564614e+00,5.506565601249705288e+00,4.784850026915839827e+00,5.173268328698137353e+00,4.577728137455332191e-02
1.108680736589099824e+00,1.190258465564822732e+00,1.450496951815819724e+00,1.156181323422071694e+00,4.822548790576690336e-02
2.208746854641070179e-01,2.075441236920891885e-01,4.279457733242961748e-01,2.409208429187330025e-01,-1.207209982118982727e-02
4.239073793994406480e-02,-3.623227853609803199e-03,1.674608173496967556e-01,3.057698199265881239e-02,-8.705649552719726958e-03
4.457418113016591715e-02,-5.919881809572620848e-03,1.737710278842883455e-02,3.816568412000807820e-02,3.665788223886916330e-02
-3.429992051279755205e-02,-1.173980717164969066e-02,-2.872495625225635757e-02,3.251414674018929252e-02,6.647805532785024119e-03
3.962465200940198939e-02,-3.371305836320240279e-02,1.657970747882334117e-02,4.357015759124226173e-02,2.256089074138868666e-02
4.751511652322557011e-02,-4.229790675662534888e-02,4.051527377189015344e-03,-4.920228127678286101e-02,4.999474449089334749e-02
2.771681277637175200e-02,2.339674332777222365e-02,2.680595858913993601e-02,-1.982836735672615161e-02,2.920303793091308386e-02
-2.003552034696957224e-02,2.698775816711779935e-02,-1.073146883743104907e-02,2.636745196696465079e-02,3.717582860956783475e-02
4.129834886955203316e-02,3.649353667473690527e-02,1.267911507474614730e-01,3.519868338377762224e-02,-7.300052254957625775e-03
1.915488743445882547e-01,2.351151105486556092e-01,3.417449694975970287e-01,2.599105453274581645e-01,-7.556027660018074799e-03
1.206352217577066233e+00,1.361842083707085926e+00,1.659490673064797805e+00,1.337525056967413750e+00,-1.705495915610144575e-03
3.999983245868660386e+00,4.746320526238752890e+00,3.867116773954756503e+00,4.766459885633078208e+00,-1.237335690423104623e-02
4.692760197567090508e+00,5.408104438256620128e+00,4.017049583621032482e+00,5.246335736818233286e+00,-1.811783494973586567e-02
4.209853065089372848e+00,4.699626810847142622e+00,3.580393788231001295e+00,4.564390257196277112e+00,3.081234458871461024e-02
4.008935443244523888e+00,3.615676488864681293e+00,3.341985502421201293e+00,3.803330617064517583e+00,-3.332857200242668461e-02
8.061246648985449070e+00,8.168866197492205217e+00,6.490809182051863857e+00,9.121989224021808340e+00,-2.299402253041167576e-02
8.786461348854684772e+00,8.828167706025778827e+00,6.912205101891609083e+00,9.832832554784230794e+00,-2.254509852323795249e-02
9.047259311559631811e+00,8.988872042765370551e+00,7.098108966882734627e+00,1.028228761202883135e+01,3.839181915538723844e-02
1.026960102986529222e+01,1.028091811494360464e+01,8.320005115214184954e+00,1.181305232770175984e+01,1.892185307190077936e-02
1.658412246719441896e+01,1.870532239214995585e+01,1.474733473311002818e+01,1.959173311141784879e+01,-1.094408798507494340e-02
1.570838883953481968e+01,1.864933631811799586e+01,1.464559179732000693e+01,1.826168494083249527e+01,7.554063910065342280e-03
1.261062091715890077e+01,1.550504248659343709e+01,1.203375964613044680e+01,1.499610189083058032e+01,-1.806509559938591913e-02
1.228207708025749056e+01,1.529938278671576413e+01,1.157370668467942210e+01,1.470683797568384144e+01,-4.654957751542218580e-03
1.201546891336280964e+01,1.441835523133435615e+01,1.145911960900827786e+01,1.392227493597801313e+01,-2.630618387660418889e-03
1.075436829057060883e+01,1.284720792417581592e+01,9.721942885283965552e+00,1.271005066218894264e+01,-2.115634628273757589e-03
8.170101888675390001e+00,9.757311843196976753e+00,7.649625358974782685e+00,9.356185265237286330e+00,9.853922971176973244e-03
4.431583749533569261e+00,5.096512716515316122e+00,4.398458330754857037e+00,4.880921336380337650e+00,2.208698197383461570e-02
1.129154705809104042e+00,1.119501594149685753e+00,1.409799220257954566e+00,1.158053063386683013e+00,-2.772677400771987946e-02
2.501946461096791752e-01,1.316363004677716941e-01,3.527135130531619533e-01,1.583827678857935295e-01,-3.069089181327453592e-02
6.234657100872328939e-03,-4.522961224728205484e-03,1.079357627714699064e-01,-9.289385118287519366e-03,-1.292320259751657263e-03
2.420752607318292851e-02,2.080962898650269219e-02,3.951913686038652923e-02,3.083474205759218628e-02,1.697270358816882485e-02
1.583601122156890612e-02,6.630864111019220929e-03,-4.145526087541499122e-02,-3.283461312067480209e-02,4.390097897801911730e-03
7.405227940818173704e-03,3.733927514554848115e-02,-4.512023201947575057e-02,1.926892176338142193e-02,3.914513329892364835e-02
3.987975286469733205e-02,-6.675878896796980100e-03,2.954510119230005505e-02,7.829949322159954206e-03,-2.039704196838412406e-02
2.534387731199443106e-02,1.044479672264869707e-02,-1.071872101595814503e-02,3.859560992040382554e-02,1.555329575891320482e-02
-2.683658948110499362e-02,-4.508161694982885243e-02,-4.070088052888275881e-02,4.128997772349204953e-02,3.931456528728653754e-02
1.404517734291812862e-02,-3.095508526519163972e-02,1.153636583947044575e-01,-2.849807137750526992e-02,4.074454634467827852e-02
3.437532858938790459e-01,4.694172462624294218e-01,7.783569029927214222e-01,6.008342717691238510e-01,1.828946371494599710e-02
2.580278429557946840e+00,3.009682221609031760e+00,2.858365232331624206e+00,3.107147976391310351e+00,-3.581650910387659814e-03
4.201691468861608492e+00,4.565615832738804336e+00,4.024409017607643690e+00,4.822393822996077439e+00,-1.076128798516654689e-02
4.797348005414802330e+00,4.946654934842221962e+00,4.444659871054091660e+00,4.904022799497470331e+00,-1.260299963933730893e-03
5.117347257502374624e+00,4.826811624607190154e+00,4.800078901965044054e+00,4.769035702437657953e+00,-2.828196029067535713e-02
5.708101408400596988e+00,4.906304280884849156e+00,5.412970564312711730e+00,5.177098117346528028e+00,-4.267752900812479822e-03
8.257753355701931142e+00,7.417695711304049588e+00,7.025331276914030809e+00,8.584038126178263894e+00,6.942622487410822496e-03
9.902861629441410685e+00,1.012476563704131216e+01,7.974579061629048837e+00,1.125883025109587798e+01,-2.357099032987399964e-02
1.034681889676635613e+01,1.106169087020041353e+01,8.228449447743649614e+00,1.234930369789513449e+01,3.828336214602644227e-02
1.194482652449434212e+01,1.287464140429760562e+01,1.026550840041263157e+01,1.412821049997992695e+01,1.034911989081231665e-02
1.669106433131066325e+01,1.873565063738300296e+01,1.529619540879064132e+01,1.929251825458035086e+01,-1.759473788662602178e-02
1.558665691478719850e+01,1.837561331929840236e+01,1.472609428101646678e+01,1.815123619458897863e+01,-3.281503782069770253e-02
1.539254754540376879e+01,1.842950385841852068e+01,1.432388504119198380e+01,1.821647696889491996e+01,-1.680301996314450402e-02
1.436843741656155160e+01,1.753545362503363592e+01,1.369733483984555811e+01,1.690288453329947416e+01,-2.150074135911062001e-03
1.429748287788061312e+01,1.763727264352595370e+01,1.331002089765945051e+01,1.694158472171548624e+01,9.397808864935894291e-03
1.081566313998836826e+01,1.255275470613373656e+01,9.943437997309571230e+00,1.220540629150915635e+01,1.498095817811032071e-02
6.830305111170967614e+00,7.890527752491512281e+00,6.300718089267980382e+00,7.507279246876604972e+00,1.635020102610983128e-02
3.387791478738885864e+00,4.020866954680308858e+00,3.468104469043892468e+00,3.822165276987496529e+00,-3.167869034424950631e-02
4.696699213758175340e-01,5.341555305095719852e-01,5.769888964916305429e-01,4.839408649507275784e-01,-7.138996526479188254e-03
4.997558736467534735e-02,-2.834165293161223717e-02,2.756804147094991247e-02,2.481001823837271011e-02,2.167425493248223423e-02
-3.125923697505387372e-02,3.008650191553053146e-02,3.396971070365601558e-02,-2.359072533253309123e-02,-4.279529591741673689e-02
-3.917672602851918207e-02,3.129047366011685621e-03,4.234495998714709469e-03,1.268673024436678398e-02,-3.311593899379664668e-02
-2.646380259545064520e-02,3.325015525463968086e-02,4.329138216159092445e-02,-3.787741726763673572e-02,-8.390337677135630001e-03
3.151016807306193657e-02,1.686501177853051703e-03,1.902943602422181579e-02,1.171154029505301619e-02,-4.264716615797984473e-02
5.642182890924940519e-03,-3.919206322549587812e-02,3.560116545071746741e-02,-4.868945820932293889e-03,-2.391410881734656879e-02
4.592692051164856681e-02,1.552758057844060013e-02,3.075250316018378338e-02,-2.008791873346767176e-02,1.808935155414991003e-02
-4.089141318897524663e-02,-1.066788497425003902e-03,4.517761461346506829e-02,-1.795295780815532247e-02,3.315556824063452257e-02
9.350314270871976086e-02,1.509014887865542040e-02,1.032940475606300146e-01,4.268906163740702336e-02,-6.447677932940175383e-03
2.291488037889739537e-01,2.707248617148351189e-01,3.946311363674915862e-01,2.473134513603420792e-01,-1.630450225602669834e-02
2.224537421199985321e+00,3.011801606938886433e+00,2.194339460874650705e+00,3.043563154742206400e+00,3.423868980498880055e-03
3.809132468759455659e+00,4.103110634969022286e+00,3.364223162011515278e+00,4.354052187388629314e+00,-1.082287411407032579e-02
4.360188300332329625e+00,4.089949523326004588e+00,4.125733883814195480e+00,4.228285181083363042e+00,1.156506389364212600e-02
5.657210910389859571e+00,5.357435404861479178e+00,5.495237897153506523e+00,5.293641903068242449e+00,-3.584807169155997120e-02
8.939753880249577733e+00,9.265025261022085346e+00,8.197425326578255067e+00,9.194423427712736796e+00,3.986004390426303723e-02
1.206004856707322581e+01,1.237719779921372520e+01,1.071213590125577753e+01,1.280247597182730246e+01,-3.404350275875204362e-02
1.230841855156997511e+01,1.321640628977459464e+01,1.077941497557584150e+01,1.405148057573189568e+01,-4.469084113019290705e-02
1.431379200528063400e+01,1.616067849618007202e+01,1.242949784899025012e+01,1.728471455105996313e+01,4.967654212610701780e-02
1.678671366886137761e+01,1.831118022919144650e+01,1.524745559802993533e+01,1.948160688211434888e+01,2.964228548136174646e-02
2.090943317240384403e+01,2.385433202927660545e+01,1.922363311156878396e+01,2.412408786314805198e+01,-4.331280274732016849e-02
1.933927934098077017e+01,2.290124834158076084e+01,1.816598435810226064e+01,2.257478626765833241e+01,-3.376903979671941336e-03
1.776229893329770704e+01,2.109958405144594806e+01,1.684531812443565002e+01,2.107914332112902756e+01,-1.306888717726683441e-02
1.635396714712224764e+01,2.031200130207622578e+01,1.531939639937334618e+01,1.933611980666461960e+01,-3.352165715621810427e-02
1.444826178336403544e+01,1.711765883584627090e+01,1.353496592864400760e+01,1.619740332777203307e+01,-4.587533553541194714e-02
8.526670881289557968e+00,9.298706138522934594e+00,8.122950659352593306e+00,9.018370431943907306e+00,4.767809208054667180e-02
5.240222452023324706e+00,5.935247875093501158e+00,4.993047147309026101e+00,5.703956570350935174e+00,-2.814075692323411357e-02
1.302023877144350195e+00,1.335930286289836122e+00,1.447157970181048414e+00,1.337993498634330924e+00,-9.331972684499555137e-03
6.208036378156140539e-02,1.458022947561998968e-02,1.011852184746324240e-01,6.127510337888544129e-02,-8.392181626498719516e-03
-2.511182779409928262e-02,-1.371884752240863301e-02,4.504220535252062910e-03,4.167508474927239526e-02,4.280888990685981221e-03
-1.902233742058512603e-02,3.904274746517002320e-02,4.086886530309466470e-02,-2.058260646307204580e-02,-2.629281373032466007e-02
1.529152571182922776e-02,2.576866101021789424e-02,1.394850967930593572e-02,-2.044596467510243626e-02,-4.086576125618604505e-02
-4.745178400032195459e-02,3.133154036205135218e-03,-3.886129552772643603e-02,2.704310014955145502e-02,-1.309280304087371422e-02
-1.474301398904775268e-02,8.769276439993589634e-03,-3.499867612938245554e-02,2.701621879631234402e-02,4.271520134799006163e-02
7.066425001640105896e-03,1.050078919228890351e-03,-3.569585314024620315e-02,1.720013471314013609e-02,1.400407543398227150e-02
2.999759426415914143e-02,4.526763820952066364e-02,-6.964114011653574354e-03,-3.404319535831645815e-03,-1.646202827675380398e-02
1.155428320002509571e-02,-4.096021779896700382e-02,1.338253312693538956e-02,4.347656545926957550e-02,1.401551161540523505e-02
1.401283188679585123e-01,1.635081673964902324e-02,1.736769116859894768e-01,5.586332130612051139e-02,-2.616162607074153101e-02
2.403451339549133592e-01,1.750108482187595627e-01,3.877081898419256767e-01,1.786290411601074712e-01,-4.890927331003563222e-02
1.900357495598469448e+00,2.309034017535550820e+00,1.987688024834398659e+00,2.325517680266171006e+00,3.731026759505227941e-03
3.514528988239652207e+00,3.917576911410812546e+00,3.033998036716688329e+00,4.011785241857201534e+00,3.494928016299064799e-02
5.137528647679959093e+00,5.453203622176221899e+00,4.901115344722038358e+00,5.521656993179855810e+00,9.222894408601065019e-03
7.494939524635514161e+00,8.330008517815533864e+00,7.200545458578987201e+00,8.124816489533086994e+00,-2.871188590168291185e-02
1.159833363083756730e+01,1.247679195321288681e+01,1.081033030735316203e+01,1.242070577000089493e+01,8.959427187272897553e-03
1.191873446741785969e+01,1.268736327504048944e+01,1.156983602214609874e+01,1.297329439559982944e+01,-4.891628939676559429e-02
1.342477929366508604e+01,1.507472581754625551e+01,1.269614728583388619e+01,1.555595155077346625e+01,4.318637085305399026e-02
1.676116191412073064e+01,1.835815928863350521e+01,1.587665165992847349e+01,1.936310080838017456e+01,2.152418680384890481e-02
1.965082441580359784e+01,2.252185360572361716e+01,1.817384884633229447e+01,2.294232743429900623e+01,-1.676268285925625046e-02
2.221121922463336062e+01,2.569075709556879872e+01,2.062482189463235471e+01,2.544550257052914333e+01,3.746409436023091788e-03
2.032182872136415241e+01,2.364765133329907343e+01,1.911671841231855495e+01,2.305566711215503162e+01,6.535862101941181113e-03
1.731578927689183445e+01,2.036925418574200108e+01,1.642715409261364456e+01,1.956955115600446860e+01,2.988353021358572392e-02
1.526768338573096351e+01,1.876684060467876236e+01,1.415081254840199065e+01,1.752571504391309176e+01,-4.498216815793151802e-02
1.084274454046033220e+01,1.253419240717079397e+01,1.034605044200936064e+01,1.157689554134121224e+01,2.377159353926240615e-02
6.102259412394023919e+00,6.734024783430389682e+00,5.900007676427359016e+00,6.444699150566385093e+00,-2.885146795446248691e-03
2.186187798667665216e+00,2.393819318499430526e+00,2.117391642384999884e+00,2.287243937050396081e+00,3.242052624884417256e-03
1.548263225522245323e-01,7.008356659685263668e-02,1.332165422637427432e-01,1.132834584425848057e-01,-8.499512301658726510e-03
-2.388846442736602266e-02,5.198059066653866467e-02,2.023704022296204247e-02,5.285890097391528208e-02,4.497470072932470420e-02
2.479443399609768464e-02,3.943984667839635361e-02,-1.169904273837549247e-02,-2.285001224211147264e-02,1.117907232527921846e-02
4.434107743710572619e-02,-1.350909570483523579e-02,4.823993994141525382e-02,1.501671288147221964e-02,4.545955303777027279e-02
-3.903356387030965102e-02,4.922998367966198441e-02,-4.072272892105963799e-02,1.256428446457528644e-02,-2.572720103948385184e-02
-1.648293523965103230e-02,8.844316686241360248e-03,-3.689469636551256232e-02,-1.531736786894878632e-02,-9.452185439379548471e-04
4.984369988563788767e-02,2.564929366412820044e-02,3.618662610445091965e-02,9.346208997805124929e-03,2.734474776567659415e-02
1.887456395839795520e-02,-3.608547207075918362e-02,-2.368238502689623548e-02,9.399739033512787001e-03,4.970788494288749804e-02
2.533849441127515589e-02,-1.431184532323383912e-02,1.691546162736130843e-02,3.140517024401512369e-02,8.504146605103166112e-03
-5.126551767364297130e-03,2.129740320986875379e-02,1.004184625917632981e-02,8.639670462041039445e-03,-3.856985021050475526e-02
3.342557468817700106e-02,4.094099495985875636e-02,7.325581060414458438e-03,-1.656597947959443859e-02,-2.562377441736965120e-02
7.824007708144790907e-02,5.854441463983389021e-02,7.605527025544261965e-02,-9.364788736423053372e-03,2.135638517329620234e-02
2.797153724853708723e-01,2.687971788575392873e-01,2.991540607993787293e-01,2.325077818650915507e-01,1.651360603368025315e-02
2.071774754828074716e+00,2.258226380100083475e+00,2.215429148091443423e+00,2.311668134051968249e+00,-2.253081253939179934e-02
4.464484221831570565e+00,5.297653590935794909e+00,4.156787003718554807e+00,5.075792494352701745e+00,-3.872597454417280732e-02
6.272843092392068165e+00,6.970900409677233789e+00,6.186373677209530797e+00,6.859486757492482489e+00,5.843854899118025581e-03
9.770278873021400301e+00,1.052543860754795801e+01,9.450667429321251589e+00,1.062016257278914466e+01,1.712816777810011182e-02
1.246156397531028759e+01,1.355123038948720549e+01,1.205233839701765497e+01,1.381474683534819725e+01,4.429132392607396107e-02
1.564769119419075771e+01,1.675286763740106721e+01,1.490608433742737837e+01,1.687562093802230123e+01,-1.318605757401899309e-02
1.769200256306042363e+01,1.919632884249867999e+01,1.658049446050856446e+01,1.966992881022044415e+01,-3.338101141333016386e-02
2.013453756478439871e+01,2.337998726749906453e+01,1.854567541718764190e+01,2.300910703366411880e+01,1.367031752040574755e-02
2.056604003296143901e+01,2.448165501645428321e+01,1.907765630506907684e+01,2.308811433313702821e+01,-3.590388082739647685e-02
1.738927633608913226e+01,1.963166010415037377e+01,1.625173243262172917e+01,1.880976666409569376e+01,3.731275682643220293e-02
1.484394148574187078e+01,1.731940557837312511e+01,1.367108489771513291e+01,1.651681685807639610e+01,1.481122855793901016e-02
1.203607536724502580e+01,1.443189804537686349e+01,1.123755776083205404e+01,1.355077095751332017e+01,-2.182877353741241588e-02
7.441653220893094556e+00,8.559335031335480792e+00,6.896980923706045985e+00,7.885558597562212668e+00,-6.453539662428092738e-04
3.582556919787835970e+00,3.718985169990804973e+00,3.441450485548081417e+00,3.694168224766822384e+00,4.477044109659659987e-02
8.018195570946534678e-01,7.825227330893514965e-01,8.236080454514423943e-01,7.409297113104010846e-01,7.176847653703966046e-03
1.172105383974098719e-02,-1.529708677835922397e-02,5.457488175599673613e-02,3.599360718775443391e-02,3.959648071083241017e-02
2.418436139005485444e-02,2.945683642165333391e-02,3.904264419426699273e-03,3.922709719523172212e-02,2.984346747176690184e-02
1.756650559829869753e-03,-2.846005363390002180e-02,1.154837177707927591e-02,1.505601857316571542e-02,2.025314578800350984e-02
-4.311716456040876055e-02,-4.540313833498870605e-02,-3.490278926975184937e-02,7.505056314813214960e-03,-2.442563379645698585e-03
3.267276951326004292e-02,-1.345310618885199247e-02,4.788707692410769379e-02,4.736523555544068509e-02,-6.872361603135535013e-03
7.118569718787867706e-03,-1.260633071982593389e-02,-4.469997600086747513e-02,1.886718200191107864e-02,4.999657354392476882e-02
-4.229667250233598574e-02,-1.705240662099113264e-02,2.503712643916775060e-02,3.626442659365955445e-02,-6.198328167808332678e-03
-2.598020890155447113e-02,2.468818986604140453e-02,-1.273311560729850633e-02,3.597537070542425330e-02,1.435332011040224565e-02
-4.092598551952195129e-03,-3.434115300202161825e-02,-4.286609442325848424e-02,-3.946120535583809430e-02,-4.495144537125586592e-02
-1.889555771596986011e-02,1.021054017217973980e-02,2.548917306235512492e-02,4.572422233575074157e-02,3.053089880235256015e-02
-2.186174482186347898e-02,8.989515156441221094e-03,-4.381241587026228970e-03,3.804957277853261710e-02,-4.986719896921218420e-03
-2.179904439214159009e-02,1.354387404749834642e-02,3.207726076355572886e-02,-1.632160663390456318e-02,-3.755241285408429663e-02
3.193377111609872060e-02,3.246254537688383207e-02,9.204685229811790381e-02,2.407443714968825199e-02,-2.557737239055880851e-02
7.500103285255503849e-01,6.869488315971831183e-01,8.891473206347857428e-01,6.513139931187883480e-01,2.522255583002179502e-02
1.495645658098540887e+00,1.318259078948363916e+00,1.834719146819596691e+00,1.320193857501523960e+00,3.300014461573612390e-02
3.310685432571188080e+00,2.784085569295482454e+00,3.568587125615087619e+00,2.816641951558863433e+00,4.040489441811793980e-02
5.953196558675619698e+00,6.112159934262954231e+00,5.818762781185301769e+00,5.997004064411006752e+00,1.459656794341089581e-03
8.336022589252799264e+00,9.149509508922893275e+00,7.996843546352345733e+00,9.014080204950783326e+00,2.612763917137941871e-02
1.315948191558354097e+01,1.418596195282126260e+01,1.250531173176815791e+01,1.425125685358207761e+01,-1.925194024296010900e-02
1.568370019585546871e+01,1.700529554804668564e+01,1.434037401025933534e+01,1.725421592271788995e+01,-8.877247981166278001e-04
1.623206528251105141e+01,1.925127360598175486e+01,1.431708737858548730e+01,1.831254667902990718e+01,2.098069142205186144e-02
1.689515901784857732e+01,2.109403360585931253e+01,1.481481934095461739e+01,1.896116612812193125e+01,9.365320684431188702e-03
1.358027722289913619e+01,1.619150587954731790e+01,1.190758220251561994e+01,1.494967235338545741e+01,-2.513914111998735365e-02
1.033107283305874624e+01,1.199982944230807647e+01,8.908133597593662856e+00,1.121789280780471110e+01,-2.368461917937783601e-03
7.261657210536921703e+00,8.641423577728739147e+00,6.418975425497271736e+00,8.098491619918528173e+00,-9.478017647348201125e-03
3.649024613844000786e+00,3.867820167194563119e+00,3.451788991700455167e+00,3.830131616372420389e+00,2.111712690452842434e-02
1.334398136755825526e+00,1.369612849646182795e+00,1.561498848084539537e+00,1.334802466429067191e+00,-4.975990370669566842e-02
3.548227257217532737e-01,1.423612996807115116e-01,4.728298554162923550e-01,2.383598616249756608e-01,3.501779960276911463e-02
2.927853079755796464e-02,-1.708394400013609968e-02,2.377621417149856572e-02,5.549215694539233468e-02,3.010956080288355874e-02
3.282102426546471604e-03,-2.963379697457357853e-02,1.048559597144967971e-02,-2.120580558166919316e-02,5.304639974849770234e-03
-3.221017346706521456e-02,-3.787778415716512755e-03,-1.532501600350515136e-02,2.676393535921653844e-03,3.607164137061999454e-02
-1.690578078756471009e-02,1.329570124908651015e-02,-1.225086365981696394e-02,-4.950900847044654302e-02,-8.849122927728339527e-03
-4.950790457067210520e-02,-4.061398477753304370e-02,-3.128401472647547241e-03,-2.640161308487502800e-02,3.866046490459866536e-02
9.008060073267841472e-03,3.051876113763285492e-02,-1.509022886636136873e-02,4.968590673313501294e-02,-1.663518151540319817e-02
-4.000340550253133481e-02,1.595847931832099220e-02,-1.745985115375558311e-02,-4.499057697197714895e-02,1.049115001015649140e-02
-2.525626058753386444e-02,-1.375414070931414712e-02,2.893014111361807972e-02,3.375766501168502021e-02,2.001820984146686355e-02
-3.374309270023165275e-02,1.103232347972685906e-02,3.185131359743408053e-02,8.403846435843131957e-03,-5.252326799179564409e-03
4.613554819372825411e-03,1.976782717277426882e-02,4.111416727329550436e-03,1.143050843525357518e-02,2.283372638803078669e-02
3.526406164374831786e-02,2.769946706281965765e-02,6.957670555700819562e-03,2.186203759814111386e-02,-2.574724587850675539e-02
1.576743185136046665e-02,-4.707522915299590383e-02,7.002363983630013541e-03,3.493339675772386133e-02,-1.392146110890335464e-03
-7.213643694322339692e-03,1.154152852222964376e-03,-2.978198998130055647e-02,-4.447102728095578966e-02,1.817044991879898652e-02
6.243116075506205398e-02,-1.345977335197274041e-02,5.887092992999383260e-03,5.571811582292596210e-02,3.506122417972239169e-02
2.123545577934176920e-01,2.669322878452580761e-01,3.031907227072533351e-01,1.966897230297454946e-01,-2.744840483187429778e-02
1.564090661538150018e+00,1.688458455124740132e+00,1.457196302587991710e+00,1.803063557017684060e+00,5.079689526570209390e-03
2.448174684176284810e+00,2.440452838564423743e+00,2.241790009384743154e+00,2.518441475251082196e+00,-3.529224210518714516e-02
5.181350111264006131e+00,5.526951184797667338e+00,4.509890352971586580e+00,5.629163765075513304e+00,8.936731154128671473e-03
7.986768800991933759e+00,8.807313476883129155e+00,7.114437325042927363e+00,8.579306571663821046e+00,-2.907628623327136730e-02
8.775817960461116840e+00,9.903090727486898004e+00,7.697831325938262026e+00,1.000592390064829473e+01,-4.661926925322273235e-02
8.603134839112158261e+00,1.075298007455871208e+01,7.273792471817933425e+00,1.000438159975458596e+01,1.530942563568246650e-02
9.219880817788284944e+00,1.222191800905734915e+01,8.045884333266895894e+00,1.053747454354438773e+01,1.296356720582501898e-02
6.860416681956213125e+00,8.472805034019854631e+00,6.174167311446716155e+00,7.654723988218481878e+00,3.200704783604622905e-02
6.750563942414617991e+00,8.410449632159595623e+00,5.803424667274162729e+00,7.618564501287494295e+00,-1.322768374039824668e-02
4.620905208429200606e+00,5.569579086243042099e+00,4.181418270025560879e+00,5.275761897020443847e+00,-3.892930402846381949e-02
2.148831385056832577e+00,2.101981371649489283e+00,2.333745131440740472e+00,2.355166044568824724e+00,4.647969375915515788e-03
1.267204568297218170e+00,1.214022298101248065e+00,1.474225769349545745e+00,1.299586633807570335e+00,-9.845505264172299542e-04
4.988575414828839150e-01,2.895042890566768556e-01,5.971858007851432726e-01,2.545311756973803741e-01,-1.434012448364762465e-02
5.629937836770720211e-02,2.811116753925024456e-02,6.318096247340897198e-02,3.963572994547506778e-02,4.784297072986939958e-02
4.528136833728371030e-02,-1.076965428303557591e-02,3.378966632224084110e-02,2.643781194448994315e-02,3.968521330179723694e-02
2.405602761778671828e-02,3.777952959060529997e-02,-3.024754383055712828e-02,-4.562978749803123235e-02,3.769434764427667672e-02
-9.482511756805624137e-03,-4.440532879054981397e-02,4.218475176359219592e-02,1.119145143758950439e-02,-1.436717014141677268e-02
-1.220840318650089074e-02,-2.769456905333178565e-02,-1.967401921224694317e-02,4.031586874141866728e-02,-4.973537671225322643e-02
-4.136796271959893023e-02,8.844099268938476754e-03,-2.652382910070218147e-02,4.931383376046190314e-02,3.592777439311695131e-02
3.098238326905290718e-03,-4.673383238986164590e-02,2.050842852168287267e-02,-4.728127316525009699e-02,-9.233195906988581059e-03
-8.180107579740379664e-03,4.295688695998993445e-02,3.591593765076338263e-02,7.617196289871064341e-03,-3.728057381102617418e-02
3.872817835391358099e-02,-1.063590412337459684e-02,-1.838133785668312481e-02,4.430338808133452155e-02,-1.892009578219049429e-02
2.838535131796442179e-02,2.087801002249624338e-03,3.475317027793554947e-02,-6.009011965632783669e-03,-4.140202146594552934e-02
-4.238768396475287720e-02,2.416217555716022869e-02,8.773634084019078794e-03,3.714404286013867074e-02,-2.008335314449960496e-02
1.481214382828917320e-02,1.245985741532641689e-02,-1.100043024377413137e-02,-7.174224958736430402e-04,-2.993622123892124634e-02
-2.949522177651733856e-02,1.284933592513873638e-02,-3.062134733177547183e-02,-4.914645221453758234e-02,1.663090796610068589e-03
4.391399362701134401e-02,-4.568586729704364469e-02,-2.076079007388079156e-02,-5.316102790732488668e-03,4.344290157858576862e-02
2.931741565959098406e-01,3.946279363335291612e-01,1.560610204222139530e-01,4.620192443478888800e-01,4.301550780379735650e-02
9.554895562115442997e-01,1.308896527204635563e+00,7.406595921992451537e-01,1.396095924046166337e+00,1.338199989031320369e-02
1.380265958756366373e+00,1.880389631618992974e+00,1.130101490377632967e+00,2.007847939444006968e+00,-3.068138247135801175e-02
2.364413079078039548e+00,2.935834160370629053e+00,1.876770940055069614e+00,3.156093874065768912e+00,-1.010461520645774408e-02
2.840553602043757397e+00,3.275521069424426113e+00,2.459584474424016509e+00,3.513983361082916534e+00,-4.270292918854823316e-02
3.028730477545823252e+00,3.608020536800412348e+00,2.630357275369465064e+00,3.650778891420170424e+00,2.984746432631095459e-02
3.985653037787812103e+00,5.887457478080357909e+00,3.157414776319650507e+00,5.457580369210142557e+00,-2.147315045077259621e-02
2.826869497655571717e+00,3.966563378195874900e+00,2.405331228285115586e+00,3.663782085589958104e+00,1.963780528075084741e-02
1.932040833383568579e+00,2.874389612530008797e+00,1.745935993318070256e+00,2.719768328255915080e+00,1.242165532020879370e-02
2.164420421766805713e+00,3.448922200906473279e+00,1.982520341708132294e+00,3.170783846870516065e+00,2.307162503366524953e-02
1.414008443369044521e+00,2.152941644864883486e+00,1.275440174545183103e+00,2.056089507400624239e+00,-4.825673305160824156e-02
1.106882802060983773e+00,1.414580431209626843e+00,1.172083103748118083e+00,1.379047324274980557e+00,-1.326258535911511299e-02
1.187191628702181756e+00,1.232460752791213698e+00,1.322282221989308670e+00,1.290764311655776542e+00,2.734034345697612667e-02
4.706827486616858014e-01,2.418712704091945109e-01,5.790635974758042703e-01,2.955368179631301384e-01,-3.743860891228140142e-02
-6.892284771801922326e-05,-1.079984396361928153e-02,-2.902206007756267386e-02,-3.400188543462151491e-02,2.527890062726285969e-02
-1.884896119282134658e-02,-1.410915161484904701e-02,-2.508071007428314212e-03,1.720625286710813703e-02,-2.373668696296427072e-02
1.056930755988475835e-02,-2.116897967682396242e-02,1.369750379146717455e-02,2.090678772072962835e-02,2.243560315337315980e-02
2.571659746302921989e-02,3.778492581093280400e-02,-4.253161899630092391e-02,-4.861308488661080646e-02,2.033817113318145409e-02
-1.919766242211011845e-02,-3.993624580754306930e-03,4.648343709663253775e-02,-2.800128782491344628e-02,-2.941191323593123075e-02
2.820589456155030150e-02,2.712625040910875140e-02,1.522111809359373569e-02,2.605253921769522252e-02,4.021628555866095522e-02
-2.110711199370132740e-03,-4.402895347722795422e-02,-1.958866097544795931e-02,2.624918971202454265e-02,-4.912689948841084814e-02
-7.969133786194390612e-03,2.185705885406212523e-02,-4.189609242807671580e-02,-4.276421109673619880e-02,-7.372592653888843106e-03
-2.615255725914839013e-02,-1.028633217473503420e-02,-4.563386788707679553e-02,3.608242339725906134e-02,-2.501905087713247877e-02
-2.328919052372153964e-02,2.093349648753162207e-02,4.795929331747188218e-02,-1.893647649186194423e-02,-2.197881980456962980e-02
3.310419707832561176e-02,-2.177990689445733624e-02,4.290908482296913740e-02,9.855792899399917761e-03,-2.271601917588569539e-02
-3.332424137467272784e-02,1.364494336870764046e-02,3.959439021552617344e-02,-2.780054088899398812e-03,-4.600602572931666856e-02
-1.137692958514531852e-02,-1.517030043903255451e-02,-3.093918365154617323e-02,3.344573527490195264e-02,3.510955410252208919e-02
2.440669469022757609e-02,3.740061708730966356e-02,6.357543328919713519e-04,4.089741937537715727e-02,-1.425017374915987095e-02
5.012751457623117191e-02,5.396923995438429600e-02,-1.074851522009864085e-03,4.305180478888465806e-03,-1.100620655449859042e-02
3.419366619157098580e-02,-1.223141309964095175e-02,6.464290716379239576e-02,4.556426224421824406e-02,2.487972688926790021e-02
1.118774558559619964e-01,1.169812475129854146e-01,2.662485683299861683e-02,1.545610545092075128e-01,8.552652077719116730e-03
5.369032474352158912e-01,6.712605708651250280e-01,4.994520998495215469e-01,6.680767829113053446e-01,2.188247534711078301e-02
7.567820940715500599e-01,9.948594663712814201e-01,6.425631596226564213e-01,1.068843958223118396e+00,1.964902582943132969e-02
2.654223754742845443e-01,4.562037092087473655e-01,1.981863343888657092e-01,4.409551993259266389e-01,-1.278188138531257539e-02
1.111793587009553663e+00,1.882885442780979135e+00,7.700276282789839666e-01,1.656369533779981751e+00,-1.529473917281509027e-02
1.402705741107817206e+00,1.854159336701120209e+00,1.309626135820981974e+00,1.713082198752126972e+00,3.849772626450574664e-02
9.728684411881286520e-01,1.358635806631690590e+00,9.958265113286963732e-01,1.326736712092488002e+00,-1.826380404173007926e-02
1.234630603679692795e+00,2.010022650731593252e+00,1.025541502186840592e+00,1.823372658843524619e+00,4.096181628419458265e-02
1.170843086796084398e+00,1.803538098637040399e+00,9.629026028007161564e-01,1.708392062069702177e+00,-4.221078836021754932e-04
9.256968255826629743e-01,1.298230813007865470e+00,8.629401882831666537e-01,1.248945482808991869e+00,-1.932967315341914752e-02
6.355168322989259710e-01,8.401782948824243480e-01,6.773322364855023370e-01,7.739929803748158976e-01,1.901752589041449948e-02
8.716425777719635781e-02,6.667760490639261517e-02,1.904694192759399385e-01,1.000254459074505914e-01,-3.572039501904338693e-02
3.198343123373629648e-03,1.371748771666679231e-02,7.044234500537554892e-03,-2.894592769628158424e-02,9.031487518096403821e-03
6.043475324843527487e-03,-2.633350388018470059e-02,1.881834761208197801e-02,1.365013809771851994e-02,-3.711305046764247495e-02
-2.093782157324443598e-03,-4.364728777310381003e-02,3.914568451879648497e-02,-9.110896596087991739e-03,-3.665143045555797896e-02
-3.823644813020957850e-02,7.733343754143459647e-03,-1.769641767005586397e-05,-3.533848168447079052e-02,3.353179093925721943e-02
1.651377493363892501e-02,1.412931180953116983e-02,-3.622791719239443209e-02,-3.482786813432582618e-02,-4.324901857819174467e-02
-4.999902620708432388e-02,-3.302507445859910462e-02,4.231542944975608123e-02,1.430899315420747220e-02,-1.686053839615606065e-03
2.216509166924289509e-02,1.835843713797989663e-02,3.015954795263342536e-02,-9.263333941154694440e-03,-3.157433940681672602e-03
1.595869487231046935e-03,-2.941612801249787745e-02,-4.519578143774072299e-02,7.891180361071170601e-03,3.161240510710983109e-03
-2.753679321450555606e-03,-4.172719404779856589e-02,-4.187790216443040836e-02,2.646105808886567434e-02,-4.358443955498608746e-02
-2.175018679219764550e-02,-3.042318121305529616e-02,-1.132183540280555512e-02,4.883247944986660039e-02,4.512688106966070145e-02
-5.186914098094838610e-03,3.909846356710915127e-02,-1.442446716920253030e-02,1.723443780321373686e-02,-3.440522102600065968e-02
-4.247991610497443837e-02,-3.012845382799481803e-02,3.207650850460895542e-03,4.679349171682516129e-02,3.827115288458783626e-02
1.908808901259007040e-02,2.398033710921523842e-02,8.023766105848498253e-03,-4.563309406319943085e-02,2.896372451867988695e-02
3.262824534514310870e-02,-4.868153970359256205e-02,9.861072207049542682e-04,4.871787149875117517e-02,1.765352205399230157e-02
-5.864320776239731470e-03,3.384199007353311250e-02,2.591012029303514652e-02,1.114257734436867320e-02,-3.732120800291921503e-02
-4.432658180920631685e-02,-2.075316352560764577e-02,3.427387020884695157e-02,-3.195599116601069434e-02,-3.398097755205072013e-02
-3.370755388127180674e-02,3.147702207297500832e-02,2.164978917655978330e-02,4.963492993361472150e-02,2.453320511593806708e-02
3.538708189464762066e-02,-3.019270782223114694e-02,6.094189497748349338e-03,-4.262670357644805785e-03,-1.654263017310517864e-02
2.341272419043026465e-02,-3.010588180479925255e-02,-1.787895695193443546e-02,-3.467652749189486378e-02,4.566135703052681682e-02
-4.686990116750616026e-02,-4.539317934829537049e-02,1.098259116723230427e-02,2.141038346481563548e-02,-3.187377522453782586e-02
-1.713687543014177223e-02,-4.210820592126466450e-02,4.696744390775137168e-02,6.130251633623337582e-03,-4.873404727627997368e-03
1.954069772042910103e-01,7.851299457207518151e-02,1.306646989153300853e-01,9.333004084437103443e-02,-1.568154586246174598e-02
-4.247818436480661763e-02,-2.958734459084147103e-02,3.708610442958051867e-02,5.673438755459128680e-03,4.530446864243323213e-02
3.733625747267009520e-02,-2.356302946292674477e-02,1.602354936950678432e-02,-4.957133092403011310e-02,-9.266386103289982190e-03
-3.397965317830473064e-02,-8.675878226474122157e-03,3.404407876631543317e-03,1.588752103477912569e-02,8.476010455724450332e-03
-3.643538123645841120e-02,-4.261868281828690153e-02,-4.711874911670212163e-02,1.198428830325735939e-02,3.324710725318308358e-02
-3.382073101802443582e-02,3.024910554926699136e-02,3.587564045489828601e-02,2.694963143962690599e-03,4.667227573946663988e-03
2.690637579516545752e-02,-4.510879316969841624e-03,1.739010939290037971e-02,-3.784893363855260096e-02,-4.599453581092188825e-02
3.569276976142420066e-03,1.159143469606346150e-02,-2.011140960898690974e-02,-2.651296162272595569e-03,1.856934997513502716e-02
-2.828794592600367835e-02,-1.536443306773928319e-02,4.595557709893968723e-02,-4.068405696100708957e-03,3.325700206042760121e-02
2.961542385142443279e-02,9.827582963848474629e-05,-2.413593643923369822e-02,-1.547486251486244330e-02,-2.188886564723420414e-02
9.193913226989966492e-03,-4.595247915021596907e-02,2.856535882665968418e-02,-1.264456492187093078e-02,2.243120562830679121e-03
-3.858679637220086001e-03,1.316077906907353601e-03,-1.606511676502266062e-02,-1.032243414805020937e-02,-4.108443185666757480e-02
1.681607669308153585e-02,2.248948156946220522e-03,1.287936987733681593e-02,-7.579361602402190368e-03,-1.277969980186553084e-02
-3.959153879246379154e-02,1.798752761028081515e-02,4.244416460673729186e-02,2.028054148446123417e-02,3.961510654070458937e-02
3.883419156052104171e+01,4.480342106325950624e+01,3.560759182712973825e+01,4.384897751394989740e+01,-3.125503069207702378e-02
